"Nr.";"Name";"Wahberechtigte";"abgegebeneStimmen";"Wahlbeteiligung in p";"ungueltigeStimmen";"Ungueltige in p";"gueltigeStimmen";"Gueltige in p";" OEVP ";"OEVPp";" SPOE ";"SPOEp";" GRUENE ";"GRUENEp";" FPOE ";"FPOEp";" BZOE ";"BZOEp";" DCOOE ";"DCOOEp";" KPOE ";"KPOEp";"Stimmen";" Ant. % ";"DatumErst";"ZeitErst";"DatumLetzt";"ZeitLetzt"
40000;"Land Oberösterreich";1086310;872796;80.35;16569;1.9;856227;98.1;400365;46.76;213555;24.94;78569;9.18;130937;15.29;24268;2.83;3721;0.43;4812;0.56;" 0 ";" 0 ";27/09/2009;9:52:16 PM;29/09/2009;9:59:20 AM
"4A000";"Wahlkreis Linz und Umgebung";244355;180702;73.95;2853;1.58;177849;98.42;68716;38.64;55444;31.17;20224;11.37;26873;15.11;4535;2.55;493;0.28;1564;0.88;" 0 ";" 0 ";27/09/2009;9:52:16 PM;27/09/2009;11:16:20 PM
"4B000";"Wahlkreis Innviertel";164443;133285;81.05;2554;1.92;130731;98.08;66151;50.6;25617;19.6;9097;6.96;24666;18.87;4134;3.16;559;0.43;507;0.39;" 0 ";" 0 ";27/09/2009;7:41:07 PM;28/09/2009;12:16:48 PM
"4C000";"Wahlkreis Hausruckviertel";266567;215853;80.98;5178;2.4;210675;97.6;98909;46.95;48255;22.9;18855;8.95;36827;17.48;5802;2.75;1063;0.5;964;0.46;" 0 ";" 0 ";27/09/2009;9:27:26 PM;27/09/2009;9:28:13 PM
"4D000";"Wahlkreis Traunviertel";196637;157478;80.09;2966;1.88;154512;98.12;70400;45.56;42887;27.76;13617;8.81;20654;13.37;5320;3.44;780;0.5;854;0.55;" 0 ";" 0 ";27/09/2009;8:29:38 PM;27/09/2009;9:52:41 PM
"4E000";"Wahlkreis Mühlviertel";214308;185478;86.55;3018;1.63;182460;98.37;96189;52.72;41352;22.66;16776;9.19;21917;12.01;4477;2.45;826;0.45;923;0.51;" 0 ";" 0 ";27/09/2009;8:20:25 PM;29/09/2009;9:59:20 AM
40100;"Stadt Linz";140663;97454;69.28;1502;1.54;95952;98.46;33706;35.13;31410;32.74;12861;13.4;14214;14.81;2426;2.53;259;0.27;1076;1.12;" 0 ";" 0 ";27/09/2009;9:52:16 PM;27/09/2009;9:52:16 PM
40101;"Linz";140663;97454;69.28;1502;1.54;95952;98.46;33706;35.13;31410;32.74;12861;13.4;14214;14.81;2426;2.53;259;0.27;1076;1.12;" 0 ";" 0 ";27/09/2009;9:52:16 PM;27/09/2009;9:52:16 PM
40200;"Stadt Steyr                         ";28542;19671;68.92;382;1.94;19289;98.06;5957;30.88;7439;38.57;1856;9.62;3205;16.62;619;3.21;69;0.36;144;0.75;" 0 ";" 0 ";27/09/2009;7:10:57 PM;27/09/2009;7:10:57 PM
40201;"Steyr             ";28542;19671;68.92;382;1.94;19289;98.06;5957;30.88;7439;38.57;1856;9.62;3205;16.62;619;3.21;69;0.36;144;0.75;" 0 ";" 0 ";27/09/2009;7:10:57 PM;27/09/2009;7:10:57 PM
40300;"Stadt Wels                          ";40799;27977;68.57;604;2.16;27373;97.84;9929;36.27;7747;28.3;2839;10.37;5748;21;830;3.03;86;0.31;194;0.71;" 0 ";" 0 ";27/09/2009;7:41:29 PM;27/09/2009;9:28:13 PM
40301;"Wels";40799;27977;68.57;604;2.16;27373;97.84;9929;36.27;7747;28.3;2839;10.37;5748;21;830;3.03;86;0.31;194;0.71;" 0 ";" 0 ";27/09/2009;7:41:29 PM;27/09/2009;9:28:13 PM
40400;"Bezirk Braunau am Inn                ";74376;57462;77.26;1208;2.1;56254;97.9;27508;48.9;12309;21.88;3828;6.8;10322;18.35;1808;3.21;225;0.4;254;0.45;" 0 ";" 0 ";27/09/2009;7:41:07 PM;27/09/2009;9:29:19 PM
40401;"Altheim                       ";3833;3096;80.77;69;2.23;3027;97.77;1397;46.15;737;24.35;176;5.81;604;19.95;90;2.97;12;0.4;11;0.36;" 0 ";" 0 ";27/09/2009;5:00:09 PM;27/09/2009;5:00:09 PM
40402;"Aspach                        ";1892;1617;85.47;25;1.55;1592;98.45;973;61.12;210;13.19;93;5.84;252;15.83;43;2.7;12;0.75;9;0.57;" 0 ";" 0 ";27/09/2009;3:52:38 PM;27/09/2009;3:52:38 PM
40403;"Auerbach                      ";402;355;88.31;8;2.25;347;97.75;197;56.77;27;7.78;29;8.36;84;24.21;4;1.15;5;1.44;1;0.29;" 0 ";" 0 ";27/09/2009;1:47:53 PM;27/09/2009;4:36:30 PM
40404;"Braunau am Inn                ";12069;8132;67.38;127;1.56;8005;98.44;2786;34.8;2280;28.48;925;11.56;1573;19.65;381;4.76;18;0.22;42;0.52;" 0 ";" 0 ";27/09/2009;7:41:07 PM;27/09/2009;9:29:19 PM
40405;"Burgkirchen                   ";2040;1613;79.07;28;1.74;1585;98.26;849;53.56;242;15.27;117;7.38;316;19.94;47;2.97;8;0.5;6;0.38;" 0 ";" 0 ";27/09/2009;3:25:24 PM;27/09/2009;3:25:24 PM
40406;"Eggelsberg                    ";1687;1285;76.17;29;2.26;1256;97.74;698;55.57;219;17.44;81;6.45;216;17.2;31;2.47;9;0.72;2;0.16;" 0 ";" 0 ";27/09/2009;5:15:13 PM;27/09/2009;5:15:13 PM
40407;"Feldkirchen bei Mattighofen   ";1507;1226;81.35;30;2.45;1196;97.55;644;53.85;143;11.96;50;4.18;309;25.84;38;3.18;6;0.5;6;0.5;" 0 ";" 0 ";27/09/2009;4:46:25 PM;27/09/2009;4:46:25 PM
40408;"Franking                      ";690;526;76.23;8;1.52;518;98.48;304;58.69;64;12.36;16;3.09;113;21.81;13;2.51;2;0.39;6;1.16;" 0 ";" 0 ";27/09/2009;2:29:24 PM;27/09/2009;2:29:24 PM
40409;"Geretsberg                    ";838;628;74.94;15;2.39;613;97.61;369;60.2;78;12.72;24;3.92;119;19.41;19;3.1;1;0.16;3;0.49;" 0 ";" 0 ";27/09/2009;2:29:42 PM;27/09/2009;2:29:42 PM
40410;"Gilgenberg am Weilhart        ";984;788;80.08;31;3.93;757;96.07;448;59.18;82;10.83;40;5.28;157;20.74;28;3.7;0;0;2;0.26;" 0 ";" 0 ";27/09/2009;3:25:09 PM;27/09/2009;3:25:09 PM
40411;"Haigermoos                    ";488;400;81.97;4;1;396;99;218;55.05;69;17.42;27;6.82;67;16.92;14;3.54;0;0;1;0.25;" 0 ";" 0 ";27/09/2009;1:42:57 PM;27/09/2009;1:42:57 PM
40412;"Handenberg                    ";1034;836;80.85;15;1.79;821;98.21;470;57.25;98;11.94;46;5.6;176;21.44;19;2.31;11;1.34;1;0.12;" 0 ";" 0 ";27/09/2009;4:15:25 PM;27/09/2009;4:15:25 PM
40413;"Helpfau-Uttendorf             ";2375;1817;76.51;38;2.09;1779;97.91;932;52.39;315;17.71;83;4.67;383;21.53;50;2.81;4;0.22;12;0.67;" 0 ";" 0 ";27/09/2009;3:25:02 PM;27/09/2009;3:25:02 PM
40414;"Hochburg-Ach                  ";2219;1652;74.45;42;2.54;1610;97.46;913;56.71;250;15.53;160;9.94;234;14.53;47;2.92;2;0.12;4;0.25;" 0 ";" 0 ";27/09/2009;4:22:18 PM;27/09/2009;4:22:18 PM
40415;"Höhnhart                      ";1106;935;84.54;12;1.28;923;98.72;507;54.93;156;16.9;39;4.23;192;20.8;23;2.49;4;0.43;2;0.22;" 0 ";" 0 ";27/09/2009;4:02:16 PM;27/09/2009;5:52:46 PM
40416;"Jeging";486;425;87.45;15;3.53;410;96.47;191;46.59;113;27.56;14;3.41;81;19.76;10;2.44;0;0;1;0.24;" 0 ";" 0 ";27/09/2009;2:29:34 PM;27/09/2009;2:29:34 PM
40417;"Kirchberg bei Mattighofen     ";869;732;84.23;12;1.64;720;98.36;441;61.25;65;9.03;43;5.97;148;20.56;15;2.08;4;0.56;4;0.56;" 0 ";" 0 ";27/09/2009;3:58:16 PM;27/09/2009;3:58:16 PM
40418;"Lengau                        ";3437;2619;76.2;72;2.75;2547;97.25;1081;42.44;862;33.84;167;6.56;339;13.31;71;2.79;11;0.43;16;0.63;" 0 ";" 0 ";27/09/2009;5:00:17 PM;27/09/2009;5:00:17 PM
40419;"Lochen                        ";1956;1531;78.27;36;2.35;1495;97.65;825;55.18;274;18.33;99;6.62;251;16.79;35;2.34;8;0.54;3;0.2;" 0 ";" 0 ";27/09/2009;4:46:10 PM;27/09/2009;4:46:10 PM
40420;"Maria Schmolln                ";1117;940;84.15;7;0.74;933;99.26;563;60.34;178;19.08;52;5.57;114;12.22;19;2.04;4;0.43;3;0.32;" 0 ";" 0 ";27/09/2009;2:58:27 PM;27/09/2009;2:58:27 PM
40421;"Mattighofen                   ";3662;2695;73.59;62;2.3;2633;97.7;955;36.27;881;33.46;184;6.99;457;17.36;126;4.79;10;0.38;20;0.76;" 0 ";" 0 ";27/09/2009;5:52:24 PM;27/09/2009;5:52:24 PM
40422;"Mauerkirchen                  ";1615;1163;72.01;22;1.89;1141;98.11;486;42.59;274;24.01;69;6.05;277;24.28;29;2.54;1;0.09;5;0.44;" 0 ";" 0 ";27/09/2009;3:38:27 PM;27/09/2009;3:38:27 PM
40423;"Mining                        ";934;780;83.51;19;2.44;761;97.56;424;55.72;124;16.29;57;7.49;123;16.16;27;3.55;2;0.26;4;0.53;" 0 ";" 0 ";27/09/2009;3:43:05 PM;27/09/2009;3:43:05 PM
40424;"Moosbach                      ";737;632;85.75;16;2.53;616;97.47;298;48.38;68;11.04;33;5.36;189;30.68;25;4.06;0;0;3;0.49;" 0 ";" 0 ";27/09/2009;2:42:48 PM;27/09/2009;2:42:48 PM
40425;"Moosdorf                      ";1206;890;73.8;25;2.81;865;97.19;354;40.92;297;34.34;50;5.78;136;15.72;19;2.2;5;0.58;4;0.46;" 0 ";" 0 ";27/09/2009;3:57:57 PM;27/09/2009;3:57:57 PM
40426;"Munderfing                    ";2100;1743;83;44;2.52;1699;97.48;918;54.03;412;24.25;108;6.36;199;11.71;46;2.71;12;0.71;4;0.24;" 0 ";" 0 ";27/09/2009;2:42:58 PM;27/09/2009;2:42:58 PM
40427;"Neukirchen an der Enknach     ";1679;1346;80.17;24;1.78;1322;98.22;613;46.37;249;18.84;92;6.96;311;23.52;39;2.95;7;0.53;11;0.83;" 0 ";" 0 ";27/09/2009;3:52:25 PM;27/09/2009;3:52:25 PM
40428;"Ostermiething                 ";2322;1610;69.34;48;2.98;1562;97.02;943;60.37;247;15.81;111;7.11;198;12.68;56;3.59;3;0.19;4;0.26;" 0 ";" 0 ";27/09/2009;3:38:09 PM;27/09/2009;3:38:09 PM
40429;"Palting                       ";736;537;72.96;19;3.54;518;96.46;334;64.48;62;11.97;27;5.21;73;14.09;18;3.47;3;0.58;1;0.19;" 0 ";" 0 ";27/09/2009;4:02:21 PM;27/09/2009;4:02:21 PM
40430;"Perwang am Grabensee          ";629;518;82.35;10;1.93;508;98.07;324;63.78;83;16.34;30;5.91;53;10.43;12;2.36;3;0.59;3;0.59;" 0 ";" 0 ";27/09/2009;2:11:22 PM;27/09/2009;2:11:22 PM
40431;"Pfaffstätt                    ";739;658;89.04;11;1.67;647;98.33;335;51.78;157;24.27;29;4.48;92;14.22;28;4.33;2;0.31;4;0.62;" 0 ";" 0 ";27/09/2009;5:00:25 PM;27/09/2009;5:00:25 PM
40432;"Pischelsdorf am Engelbach     ";1264;989;78.24;28;2.83;961;97.17;514;53.49;141;14.67;29;3.02;225;23.41;45;4.68;4;0.42;3;0.31;" 0 ";" 0 ";27/09/2009;4:15:17 PM;27/09/2009;4:15:17 PM
40433;"Polling im Innkreis           ";740;647;87.43;6;0.93;641;99.07;346;53.98;140;21.84;23;3.59;116;18.1;14;2.18;1;0.16;1;0.16;" 0 ";" 0 ";27/09/2009;2:47:15 PM;27/09/2009;2:47:15 PM
40434;"Roßbach                       ";780;707;90.64;13;1.84;694;98.16;365;52.59;143;20.61;26;3.75;146;21.04;11;1.59;1;0.14;2;0.29;" 0 ";" 0 ";27/09/2009;2:34:14 PM;27/09/2009;2:34:14 PM
40435;"St.Georgen am Fillmannsbach   ";321;286;89.1;7;2.45;279;97.55;126;45.16;12;4.3;8;2.87;121;43.37;10;3.58;1;0.36;1;0.36;" 0 ";" 0 ";27/09/2009;1:41:07 PM;27/09/2009;1:41:07 PM
40436;"St.Johann am Walde            ";1681;1426;84.83;25;1.75;1401;98.25;664;47.39;418;29.84;68;4.85;218;15.56;24;1.71;5;0.36;4;0.29;" 0 ";" 0 ";27/09/2009;3:43:14 PM;27/09/2009;3:43:14 PM
40437;"St.Pantaleon                  ";2323;1697;73.05;42;2.47;1655;97.53;675;40.79;554;33.47;97;5.86;263;15.89;47;2.84;10;0.6;9;0.54;" 0 ";" 0 ";27/09/2009;5:33:26 PM;27/09/2009;5:33:26 PM
40438;"St.Peter am Hart              ";1840;1508;81.96;26;1.72;1482;98.28;727;49.06;351;23.68;129;8.7;220;14.84;47;3.17;2;0.13;6;0.4;" 0 ";" 0 ";27/09/2009;3:13:35 PM;27/09/2009;3:13:35 PM
40439;"St.Radegund                   ";457;370;80.96;6;1.62;364;98.38;262;71.98;25;6.87;37;10.16;28;7.69;8;2.2;1;0.27;3;0.82;" 0 ";" 0 ";27/09/2009;3:02:16 PM;27/09/2009;3:02:16 PM
40440;"St.Veit im Innkreis           ";334;312;93.41;3;0.96;309;99.04;160;51.78;70;22.65;13;4.21;60;19.42;5;1.62;1;0.32;0;0;" 0 ";" 0 ";27/09/2009;1:07:24 PM;27/09/2009;1:07:24 PM
40441;"Schalchen                     ";2837;2169;76.45;56;2.58;2113;97.42;878;41.55;611;28.92;140;6.63;385;18.22;78;3.69;12;0.57;9;0.43;" 0 ";" 0 ";27/09/2009;4:17:11 PM;27/09/2009;8:02:15 PM
40442;"Schwand im Innkreis           ";689;558;80.99;20;3.58;538;96.42;315;58.55;68;12.64;45;8.36;89;16.54;17;3.16;1;0.19;3;0.56;" 0 ";" 0 ";27/09/2009;2:47:08 PM;27/09/2009;2:47:08 PM
40443;"Tarsdorf                      ";1581;1227;77.61;23;1.87;1204;98.13;679;56.4;174;14.45;82;6.81;224;18.6;27;2.24;11;0.91;7;0.58;" 0 ";" 0 ";27/09/2009;3:02:21 PM;27/09/2009;3:02:21 PM
40444;"Treubach                      ";595;510;85.71;3;0.59;507;99.41;309;60.95;41;8.09;13;2.56;126;24.85;14;2.76;3;0.59;1;0.2;" 0 ";" 0 ";27/09/2009;1:40:47 PM;27/09/2009;1:40:47 PM
40445;"Überackern                    ";426;377;88.5;13;3.45;364;96.55;195;53.57;95;26.1;8;2.2;52;14.29;12;3.3;0;0;2;0.55;" 0 ";" 0 ";27/09/2009;3:02:41 PM;27/09/2009;3:02:41 PM
40446;"Weng im Innkreis              ";1120;954;85.18;14;1.47;940;98.53;503;53.51;150;15.96;39;4.15;213;22.66;27;2.87;3;0.32;5;0.53;" 0 ";" 0 ";27/09/2009;3:19:27 PM;27/09/2009;3:19:27 PM
40500;"Bezirk Eferding                      ";25039;21410;85.51;506;2.36;20904;97.64;10026;47.96;5146;24.62;1745;8.35;3290;15.74;532;2.54;73;0.35;92;0.44;" 0 ";" 0 ";27/09/2009;7:02:41 PM;27/09/2009;7:02:41 PM
40501;"Alkoven                       ";4276;3605;84.31;69;1.91;3536;98.09;1490;42.14;1190;33.65;293;8.29;446;12.61;90;2.55;12;0.34;15;0.42;" 0 ";" 0 ";27/09/2009;6:47:58 PM;27/09/2009;6:47:58 PM
40502;"Aschach an der Donau          ";1669;1468;87.96;54;3.68;1414;96.32;579;40.95;409;28.93;142;10.04;247;17.47;32;2.26;3;0.21;2;0.14;" 0 ";" 0 ";27/09/2009;5:51:49 PM;27/09/2009;5:51:49 PM
40503;"Eferding                      ";2763;2160;78.18;37;1.71;2123;98.29;965;45.45;603;28.4;197;9.28;306;14.41;42;1.98;3;0.14;7;0.33;" 0 ";" 0 ";27/09/2009;5:41:53 PM;27/09/2009;5:41:53 PM
40504;"Fraham                        ";1719;1523;88.6;55;3.61;1468;96.39;630;42.92;442;30.11;123;8.38;229;15.6;32;2.18;5;0.34;7;0.48;" 0 ";" 0 ";27/09/2009;6:14:11 PM;27/09/2009;6:14:11 PM
40505;"Haibach ob der Donau          ";1074;917;85.38;21;2.29;896;97.71;497;55.47;216;24.11;74;8.26;81;9.04;17;1.9;2;0.22;9;1;" 0 ";" 0 ";27/09/2009;5:37:48 PM;27/09/2009;5:37:48 PM
40506;"Hartkirchen                   ";3401;2979;87.59;65;2.18;2914;97.82;1507;51.72;561;19.25;253;8.68;492;16.88;87;2.99;2;0.07;12;0.41;" 0 ";" 0 ";27/09/2009;5:32:11 PM;27/09/2009;5:32:11 PM
40507;"Hinzenbach                    ";1540;1342;87.14;33;2.46;1309;97.54;650;49.66;337;25.74;67;5.12;208;15.89;35;2.67;6;0.46;6;0.46;" 0 ";" 0 ";27/09/2009;7:02:41 PM;27/09/2009;7:02:41 PM
40508;"Prambachkirchen               ";2257;1960;86.84;50;2.55;1910;97.45;1045;54.71;305;15.97;152;7.96;347;18.17;43;2.25;10;0.52;8;0.42;" 0 ";" 0 ";27/09/2009;5:53:00 PM;27/09/2009;5:53:00 PM
40509;"Pupping                       ";1595;1347;84.45;33;2.45;1314;97.55;635;48.33;293;22.3;96;7.31;246;18.72;35;2.66;7;0.53;2;0.15;" 0 ";" 0 ";27/09/2009;4:22:07 PM;27/09/2009;4:22:07 PM
40510;"St.Marienkirchen an d. Polsenz";1812;1600;88.3;23;1.44;1577;98.56;773;49.02;346;21.94;135;8.56;281;17.82;27;1.71;8;0.51;7;0.44;" 0 ";" 0 ";27/09/2009;5:57:48 PM;27/09/2009;5:57:48 PM
40511;"Scharten                      ";1665;1455;87.39;26;1.79;1429;98.21;638;44.65;327;22.88;149;10.43;249;17.42;46;3.22;11;0.77;9;0.63;" 0 ";" 0 ";27/09/2009;4:58:16 PM;27/09/2009;4:58:16 PM
40512;"Stroheim                      ";1268;1054;83.12;40;3.8;1014;96.2;617;60.85;117;11.54;64;6.31;158;15.58;46;4.54;4;0.39;8;0.79;" 0 ";" 0 ";27/09/2009;4:12:08 PM;27/09/2009;4:12:08 PM
40600;"Bezirk Freistadt                     ";52003;45620;87.73;667;1.46;44953;98.54;24104;53.62;10347;23.02;3774;8.4;5240;11.66;1069;2.38;194;0.43;225;0.5;" 0 ";" 0 ";27/09/2009;8:20:25 PM;29/09/2009;9:59:20 AM
40601;"Freistadt                     ";5852;4853;82.93;55;1.13;4798;98.87;2283;47.58;1144;23.84;555;11.57;611;12.73;162;3.38;11;0.23;32;0.67;" 0 ";" 0 ";27/09/2009;7:08:20 PM;27/09/2009;10:34:00 PM
40602;"Grünbach                      ";1484;1253;84.43;26;2.08;1227;97.92;680;55.42;182;14.83;83;6.76;212;17.28;58;4.73;6;0.49;6;0.49;" 0 ";" 0 ";27/09/2009;6:16:41 PM;29/09/2009;9:59:20 AM
40603;"Gutau                         ";2159;1933;89.53;21;1.09;1912;98.91;1011;52.88;461;24.11;166;8.68;225;11.77;35;1.83;5;0.26;9;0.47;" 0 ";" 0 ";27/09/2009;5:32:37 PM;27/09/2009;5:32:37 PM
40604;"Hagenberg im Mühlkreis        ";2115;1841;87.04;25;1.36;1816;98.64;793;43.67;490;26.98;220;12.11;240;13.22;47;2.59;9;0.5;17;0.94;" 0 ";" 0 ";27/09/2009;8:20:25 PM;27/09/2009;8:20:25 PM
40605;"Hirschbach im Mühlkreis       ";919;820;89.23;8;0.98;812;99.02;476;58.62;153;18.84;83;10.22;74;9.11;18;2.22;3;0.37;5;0.62;" 0 ";" 0 ";27/09/2009;4:15:56 PM;27/09/2009;4:15:56 PM
40606;"Kaltenberg                    ";506;471;93.08;6;1.27;465;98.73;372;80;22;4.73;8;1.72;55;11.83;8;1.72;0;0;0;0;" 0 ";" 0 ";27/09/2009;3:29:16 PM;27/09/2009;3:29:16 PM
40607;"Kefermarkt                    ";1694;1483;87.54;19;1.28;1464;98.72;723;49.39;383;26.16;127;8.67;179;12.23;40;2.73;6;0.41;6;0.41;" 0 ";" 0 ";27/09/2009;4:52:42 PM;27/09/2009;4:52:42 PM
40608;"Königswiesen                  ";2534;2091;82.52;29;1.39;2062;98.61;1269;61.54;370;17.94;109;5.29;253;12.27;29;1.41;19;0.92;13;0.63;" 0 ";" 0 ";27/09/2009;7:46:02 PM;27/09/2009;7:46:02 PM
40609;"Lasberg                       ";2279;2002;87.85;27;1.35;1975;98.65;1137;57.57;345;17.47;200;10.13;231;11.7;49;2.48;3;0.15;10;0.51;" 0 ";" 0 ";27/09/2009;5:10:14 PM;27/09/2009;5:10:14 PM
40610;"Leopoldschlag                 ";852;761;89.32;15;1.97;746;98.03;481;64.48;109;14.61;55;7.37;86;11.53;14;1.88;0;0;1;0.13;" 0 ";" 0 ";27/09/2009;3:54:29 PM;27/09/2009;3:54:29 PM
40611;"Liebenau                      ";1439;1343;93.33;18;1.34;1325;98.66;787;59.4;331;24.98;54;4.08;114;8.6;27;2.04;8;0.6;4;0.3;" 0 ";" 0 ";27/09/2009;6:54:34 PM;27/09/2009;6:54:34 PM
40612;"Neumarkt im Mühlkreis         ";2485;2272;91.43;26;1.14;2246;98.86;1144;50.93;544;24.22;265;11.8;231;10.28;45;2;6;0.27;11;0.49;" 0 ";" 0 ";27/09/2009;7:52:50 PM;27/09/2009;7:52:50 PM
40613;"Pierbach                      ";807;701;86.86;5;0.71;696;99.29;400;57.47;132;18.97;40;5.75;94;13.51;16;2.3;14;2.01;0;0;" 0 ";" 0 ";27/09/2009;4:10:26 PM;27/09/2009;4:10:26 PM
40614;"Pregarten                     ";3956;3476;87.87;56;1.61;3420;98.39;1689;49.39;949;27.75;284;8.3;399;11.67;73;2.13;11;0.32;15;0.44;" 0 ";" 0 ";27/09/2009;5:40:43 PM;27/09/2009;5:40:43 PM
40615;"Rainbach im Mühlkreis         ";2309;1962;84.97;41;2.09;1921;97.91;1134;59.03;408;21.24;147;7.65;161;8.38;46;2.39;18;0.94;7;0.36;" 0 ";" 0 ";27/09/2009;7:39:27 PM;27/09/2009;7:39:27 PM
40616;"Sandl                         ";1152;1102;95.66;15;1.36;1087;98.64;537;49.4;356;32.75;64;5.89;94;8.65;18;1.66;6;0.55;12;1.1;" 0 ";" 0 ";27/09/2009;6:03:29 PM;27/09/2009;6:03:29 PM
40617;"St.Leonhard bei Freistadt     ";1190;1044;87.73;17;1.63;1027;98.37;556;54.14;248;24.15;60;5.84;125;12.17;23;2.24;7;0.68;8;0.78;" 0 ";" 0 ";27/09/2009;5:33:22 PM;27/09/2009;5:33:22 PM
40618;"St.Oswald bei Freistadt       ";2151;1950;90.66;23;1.18;1927;98.82;1052;54.59;503;26.1;89;4.62;213;11.05;51;2.65;11;0.57;8;0.42;" 0 ";" 0 ";27/09/2009;5:24:20 PM;27/09/2009;5:24:20 PM
40619;"Schönau im Mühlkreis          ";1517;1334;87.94;15;1.12;1319;98.88;798;60.5;231;17.51;71;5.38;184;13.95;33;2.5;0;0;2;0.15;" 0 ";" 0 ";27/09/2009;5:34:28 PM;27/09/2009;5:34:28 PM
40620;"Tragwein                      ";2462;2243;91.1;28;1.25;2215;98.75;1137;51.33;679;30.65;148;6.68;205;9.26;24;1.08;9;0.41;13;0.59;" 0 ";" 0 ";27/09/2009;6:08:12 PM;27/09/2009;6:08:12 PM
40621;"Unterweißenbach               ";1922;1616;84.08;28;1.73;1588;98.27;999;62.91;242;15.24;86;5.42;215;13.54;32;2.02;10;0.63;4;0.25;" 0 ";" 0 ";27/09/2009;6:28:57 PM;27/09/2009;8:41:03 PM
40622;"Unterweitersdorf              ";1537;1424;92.65;26;1.83;1398;98.17;646;46.21;422;30.19;123;8.8;161;11.52;33;2.36;7;0.5;6;0.43;" 0 ";" 0 ";27/09/2009;5:39:52 PM;27/09/2009;5:39:52 PM
40623;"Waldburg                      ";1075;936;87.07;15;1.6;921;98.4;520;56.46;195;21.17;82;8.9;96;10.42;23;2.5;3;0.33;2;0.22;" 0 ";" 0 ";27/09/2009;5:35:01 PM;27/09/2009;5:35:01 PM
40624;"Wartberg ob der Aist          ";3272;2845;86.95;69;2.43;2776;97.57;1198;43.16;797;28.71;302;10.88;360;12.97;96;3.46;6;0.22;17;0.61;" 0 ";" 0 ";27/09/2009;8:11:12 PM;27/09/2009;8:11:12 PM
40625;"Weitersfelden                 ";868;790;91.01;10;1.27;780;98.73;488;62.56;154;19.74;46;5.9;71;9.1;12;1.54;7;0.9;2;0.26;" 0 ";" 0 ";27/09/2009;5:45:37 PM;27/09/2009;5:45:37 PM
40626;"Windhaag bei Freistadt        ";1289;1139;88.36;17;1.49;1122;98.51;668;59.54;208;18.54;70;6.24;146;13.01;20;1.78;3;0.27;7;0.62;" 0 ";" 0 ";27/09/2009;5:33:56 PM;27/09/2009;5:33:56 PM
40627;"Bad Zell                      ";2178;1935;88.84;27;1.4;1908;98.6;1126;59.01;289;15.15;237;12.42;205;10.74;37;1.94;6;0.31;8;0.42;" 0 ";" 0 ";27/09/2009;4:22:25 PM;27/09/2009;4:22:25 PM
40700;"Bezirk Gmunden                       ";78031;62691;80.34;1291;2.06;61400;97.94;28508;46.43;16875;27.48;5651;9.2;7879;12.83;1762;2.87;330;0.54;395;0.64;" 0 ";" 0 ";27/09/2009;8:29:38 PM;27/09/2009;9:52:41 PM
40701;"Altmünster                    ";7710;6314;81.89;141;2.23;6173;97.77;3167;51.3;1379;22.34;672;10.89;726;11.76;168;2.72;33;0.53;28;0.45;" 0 ";" 0 ";27/09/2009;5:46:49 PM;27/09/2009;8:40:48 PM
40702;"Bad Goisern                   ";5960;4619;77.5;160;3.46;4459;96.54;1560;34.99;1736;38.93;261;5.85;548;12.29;243;5.45;66;1.48;45;1.01;" 0 ";" 0 ";27/09/2009;6:27:00 PM;27/09/2009;6:27:00 PM
40703;"Bad Ischl                     ";10919;8318;76.18;168;2.02;8150;97.98;4054;49.74;2108;25.87;752;9.23;955;11.72;189;2.32;22;0.27;70;0.86;" 0 ";" 0 ";27/09/2009;6:25:05 PM;27/09/2009;6:25:05 PM
40704;"Ebensee                       ";6510;5232;80.37;127;2.43;5105;97.57;2059;40.33;1846;36.16;432;8.46;537;10.52;162;3.17;17;0.33;52;1.02;" 0 ";" 0 ";27/09/2009;7:05:01 PM;27/09/2009;7:05:01 PM
40705;"Gmunden                       ";10070;7824;77.7;142;1.81;7682;98.19;3957;51.51;1451;18.89;1070;13.93;912;11.87;213;2.77;39;0.51;40;0.52;" 0 ";" 0 ";27/09/2009;6:13:51 PM;27/09/2009;6:13:51 PM
40706;"Gosau                         ";1541;1244;80.73;23;1.85;1221;98.15;486;39.8;514;42.1;61;5;104;8.52;36;2.95;13;1.06;7;0.57;" 0 ";" 0 ";27/09/2009;5:10:10 PM;27/09/2009;5:10:10 PM
40707;"Grünau im Almtal              ";1626;1444;88.81;40;2.77;1404;97.23;643;45.8;374;26.64;115;8.19;235;16.74;20;1.42;8;0.57;9;0.64;" 0 ";" 0 ";27/09/2009;4:45:30 PM;27/09/2009;4:45:30 PM
40708;"Gschwandt                     ";2023;1686;83.34;27;1.6;1659;98.4;830;50.03;347;20.92;178;10.73;244;14.71;35;2.11;17;1.02;8;0.48;" 0 ";" 0 ";27/09/2009;5:18:57 PM;27/09/2009;5:18:57 PM
40709;"Hallstatt                     ";697;591;84.79;8;1.35;583;98.65;188;32.25;273;46.83;69;11.84;27;4.63;17;2.92;1;0.17;8;1.37;" 0 ";" 0 ";27/09/2009;4:58:13 PM;27/09/2009;4:58:13 PM
40710;"Kirchham                      ";1527;1312;85.92;29;2.21;1283;97.79;795;61.96;162;12.63;106;8.26;175;13.64;35;2.73;3;0.23;7;0.55;" 0 ";" 0 ";27/09/2009;4:53:28 PM;27/09/2009;4:53:28 PM
40711;"Laakirchen                    ";6967;5515;79.16;109;1.98;5406;98.02;2106;38.96;1859;34.39;377;6.97;854;15.8;162;3;17;0.31;31;0.57;" 0 ";" 0 ";27/09/2009;5:33:36 PM;27/09/2009;5:33:36 PM
40712;"Obertraun                     ";577;489;84.75;6;1.23;483;98.77;189;39.13;221;45.76;26;5.38;28;5.8;7;1.45;3;0.62;9;1.86;" 0 ";" 0 ";27/09/2009;5:42:58 PM;27/09/2009;5:42:58 PM
40713;"Ohlsdorf                      ";3829;3265;85.27;52;1.59;3213;98.41;1578;49.11;831;25.86;251;7.81;435;13.54;81;2.52;23;0.72;14;0.44;" 0 ";" 0 ";27/09/2009;6:57:30 PM;27/09/2009;6:57:30 PM
40714;"Pinsdorf                      ";2798;2247;80.31;32;1.42;2215;98.58;919;41.49;649;29.3;203;9.16;356;16.07;73;3.3;7;0.32;8;0.36;" 0 ";" 0 ";27/09/2009;4:18:45 PM;27/09/2009;4:18:45 PM
40715;"Roitham                       ";1597;1327;83.09;30;2.26;1297;97.74;605;46.65;322;24.83;102;7.86;223;17.19;31;2.39;5;0.39;9;0.69;" 0 ";" 0 ";27/09/2009;5:23:04 PM;27/09/2009;5:23:04 PM
40716;"St.Konrad                     ";854;759;88.88;9;1.19;750;98.81;421;56.13;156;20.8;66;8.8;75;10;19;2.53;9;1.2;4;0.53;" 0 ";" 0 ";27/09/2009;6:42:29 PM;27/09/2009;6:42:29 PM
40717;"St.Wolfgang im Salzkammergut  ";2163;1739;80.4;26;1.5;1713;98.5;914;53.36;465;27.15;97;5.66;184;10.74;39;2.28;4;0.23;10;0.58;" 0 ";" 0 ";27/09/2009;8:29:38 PM;27/09/2009;8:29:38 PM
40718;"Traunkirchen                  ";1343;1108;82.5;20;1.81;1088;98.19;550;50.55;258;23.71;129;11.86;116;10.66;29;2.67;5;0.46;1;0.09;" 0 ";" 0 ";27/09/2009;6:00:35 PM;27/09/2009;6:00:35 PM
40719;"Scharnstein                   ";3640;3097;85.08;51;1.65;3046;98.35;1439;47.24;819;26.89;266;8.73;424;13.92;67;2.2;15;0.49;16;0.53;" 0 ";" 0 ";27/09/2009;6:40:33 PM;27/09/2009;6:40:33 PM
40720;"Vorchdorf                     ";5680;4561;80.3;91;2;4470;98;2048;45.82;1105;24.72;418;9.35;721;16.13;136;3.04;23;0.51;19;0.43;" 0 ";" 0 ";27/09/2009;5:58:52 PM;27/09/2009;9:52:41 PM
40800;"Bezirk Grieskirchen                  ";49278;41981;85.19;1171;2.79;40810;97.21;21143;51.81;7435;18.22;3595;8.81;7097;17.39;1082;2.65;303;0.74;155;0.38;" 0 ";" 0 ";27/09/2009;5:52:23 PM;27/09/2009;8:19:46 PM
40801;"Aistersheim                   ";640;565;88.28;15;2.65;550;97.35;295;53.64;87;15.82;32;5.82;124;22.55;10;1.82;0;0;2;0.36;" 0 ";" 0 ";27/09/2009;2:27:36 PM;27/09/2009;3:54:39 PM
40802;"Bad Schallerbach              ";2706;2186;80.78;61;2.79;2125;97.21;999;47.01;486;22.87;198;9.32;369;17.36;46;2.16;15;0.71;12;0.56;" 0 ";" 0 ";27/09/2009;4:53:35 PM;27/09/2009;4:53:35 PM
40803;"Bruck-Waasen                  ";1853;1552;83.76;68;4.38;1484;95.62;898;60.51;191;12.87;128;8.63;216;14.56;39;2.63;7;0.47;5;0.34;" 0 ";" 0 ";27/09/2009;4:03:32 PM;27/09/2009;4:03:32 PM
40804;"Eschenau im Hausruckkreis     ";907;788;86.88;54;6.85;734;93.15;483;65.8;75;10.22;32;4.36;122;16.62;16;2.18;4;0.54;2;0.27;" 0 ";" 0 ";27/09/2009;3:07:36 PM;27/09/2009;3:07:36 PM
40805;"Gallspach                     ";1900;1556;81.89;37;2.38;1519;97.62;654;43.05;349;22.98;112;7.37;340;22.38;33;2.17;26;1.71;5;0.33;" 0 ";" 0 ";27/09/2009;4:53:30 PM;27/09/2009;4:53:30 PM
40806;"Gaspoltshofen                 ";2821;2430;86.14;84;3.46;2346;96.54;1078;45.95;412;17.56;236;10.06;561;23.91;39;1.66;9;0.38;11;0.47;" 0 ";" 0 ";27/09/2009;5:37:43 PM;27/09/2009;5:37:43 PM
40807;"Geboltskirchen                ";1120;940;83.93;20;2.13;920;97.87;426;46.3;240;26.09;93;10.11;116;12.61;31;3.37;11;1.2;3;0.33;" 0 ";" 0 ";27/09/2009;4:17:40 PM;27/09/2009;4:17:40 PM
40808;"Grieskirchen                  ";3613;3003;83.12;88;2.93;2915;97.07;1341;46;585;20.07;326;11.18;566;19.42;65;2.23;26;0.89;6;0.21;" 0 ";" 0 ";27/09/2009;5:52:23 PM;27/09/2009;8:19:46 PM
40809;"Haag am Hausruck              ";1636;1430;87.41;32;2.24;1398;97.76;670;47.93;322;23.03;135;9.66;228;16.31;26;1.86;12;0.86;5;0.36;" 0 ";" 0 ";27/09/2009;3:59:29 PM;27/09/2009;3:59:29 PM
40810;"Heiligenberg                  ";540;490;90.74;7;1.43;483;98.57;338;69.98;24;4.97;32;6.63;69;14.29;11;2.28;8;1.66;1;0.21;" 0 ";" 0 ";27/09/2009;1:10:12 PM;27/09/2009;4:17:25 PM
40811;"Hofkirchen an der Trattnach   ";1194;987;82.66;33;3.34;954;96.66;516;54.09;141;14.78;63;6.6;196;20.55;26;2.73;7;0.73;5;0.52;" 0 ";" 0 ";27/09/2009;4:17:35 PM;27/09/2009;4:17:35 PM
40812;"Kallham                       ";2075;1755;84.58;34;1.94;1721;98.06;889;51.66;333;19.35;125;7.26;294;17.08;62;3.6;7;0.41;11;0.64;" 0 ";" 0 ";27/09/2009;3:47:18 PM;27/09/2009;3:47:18 PM
40813;"Kematen am Innbach            ";1020;853;83.63;36;4.22;817;95.78;381;46.63;139;17.01;65;7.96;198;24.24;26;3.18;2;0.24;6;0.73;" 0 ";" 0 ";27/09/2009;4:38:13 PM;27/09/2009;4:38:13 PM
40814;"Meggenhofen                   ";1037;912;87.95;19;2.08;893;97.92;541;60.58;94;10.53;85;9.52;142;15.9;21;2.35;7;0.78;3;0.34;" 0 ";" 0 ";27/09/2009;3:19:44 PM;27/09/2009;3:55:03 PM
40815;"Michaelnbach                  ";1020;863;84.61;18;2.09;845;97.91;548;64.85;84;9.94;62;7.34;116;13.73;29;3.43;6;0.71;0;0;" 0 ";" 0 ";27/09/2009;2:37:10 PM;27/09/2009;2:37:10 PM
40816;"Natternbach                   ";1889;1631;86.34;79;4.84;1552;95.16;806;51.93;350;22.55;90;5.8;244;15.72;44;2.84;7;0.45;11;0.71;" 0 ";" 0 ";27/09/2009;4:03:38 PM;27/09/2009;4:29:33 PM
40817;"Neukirchen am Walde           ";1314;1142;86.91;17;1.49;1125;98.51;696;61.87;147;13.07;78;6.93;132;11.73;58;5.16;10;0.89;4;0.36;" 0 ";" 0 ";27/09/2009;2:55:58 PM;27/09/2009;2:57:14 PM
40818;"Neumarkt im Hausruckkreis     ";1127;922;81.81;27;2.93;895;97.07;414;46.26;217;24.25;49;5.47;191;21.34;18;2.01;3;0.34;3;0.34;" 0 ";" 0 ";27/09/2009;5:27:05 PM;27/09/2009;5:27:05 PM
40819;"Peuerbach                     ";1728;1346;77.89;37;2.75;1309;97.25;713;54.47;202;15.43;150;11.46;185;14.13;41;3.13;16;1.22;2;0.15;" 0 ";" 0 ";27/09/2009;5:06:03 PM;27/09/2009;5:06:03 PM
40820;"Pötting                       ";442;412;93.21;2;0.49;410;99.51;307;74.88;39;9.51;23;5.61;30;7.32;9;2.2;1;0.24;1;0.24;" 0 ";" 0 ";27/09/2009;3:00:38 PM;27/09/2009;3:00:38 PM
40821;"Pollham                       ";744;716;96.24;34;4.75;682;95.25;366;53.67;81;11.88;94;13.78;100;14.66;27;3.96;9;1.32;5;0.73;" 0 ";" 0 ";27/09/2009;4:22:40 PM;27/09/2009;4:22:40 PM
40822;"Pram                          ";1433;1195;83.39;17;1.42;1178;98.58;539;45.76;211;17.91;123;10.44;238;20.2;53;4.5;7;0.59;7;0.59;" 0 ";" 0 ";27/09/2009;3:00:44 PM;27/09/2009;3:00:44 PM
40823;"Rottenbach                    ";843;759;90.04;20;2.64;739;97.36;357;48.31;111;15.02;47;6.36;185;25.03;26;3.52;12;1.62;1;0.14;" 0 ";" 0 ";27/09/2009;3:19:39 PM;27/09/2009;3:19:39 PM
40824;"St.Agatha                     ";1727;1507;87.26;26;1.73;1481;98.27;948;64.01;207;13.98;92;6.21;189;12.76;39;2.63;5;0.34;1;0.07;" 0 ";" 0 ";27/09/2009;5:22:42 PM;27/09/2009;5:22:42 PM
40825;"St.Georgen bei Grieskirchen   ";882;763;86.51;33;4.33;730;95.67;387;53.01;109;14.93;81;11.1;117;16.03;23;3.15;11;1.51;2;0.27;" 0 ";" 0 ";27/09/2009;2:32:01 PM;27/09/2009;2:32:01 PM
40826;"St.Thomas                     ";357;330;92.44;12;3.64;318;96.36;195;61.32;20;6.29;29;9.12;69;21.7;4;1.26;1;0.31;0;0;" 0 ";" 0 ";27/09/2009;1:52:37 PM;27/09/2009;1:52:37 PM
40827;"Schlüßlberg                   ";2350;2092;89.02;41;1.96;2051;98.04;835;40.71;613;29.89;191;9.31;347;16.92;41;2;18;0.88;6;0.29;" 0 ";" 0 ";27/09/2009;5:26:55 PM;27/09/2009;5:26:55 PM
40828;"Steegen                       ";873;698;79.95;19;2.72;679;97.28;387;57;106;15.61;72;10.6;91;13.4;16;2.36;6;0.88;1;0.15;" 0 ";" 0 ";27/09/2009;5:26:47 PM;27/09/2009;5:26:47 PM
40829;"Taufkirchen an der Trattnach  ";1647;1431;86.89;34;2.38;1397;97.62;744;53.26;192;13.74;82;5.87;323;23.12;37;2.65;13;0.93;6;0.43;" 0 ";" 0 ";27/09/2009;5:12:13 PM;27/09/2009;5:12:13 PM
40830;"Tollet                        ";720;644;89.44;13;2.02;631;97.98;311;49.29;120;19.02;94;14.9;85;13.47;8;1.27;10;1.58;3;0.48;" 0 ";" 0 ";27/09/2009;2:37:18 PM;27/09/2009;2:37:18 PM
40831;"Waizenkirchen                 ";2940;2463;83.78;56;2.27;2407;97.73;1376;57.17;406;16.87;239;9.93;293;12.17;68;2.83;16;0.66;9;0.37;" 0 ";" 0 ";27/09/2009;5:22:38 PM;27/09/2009;6:03:16 PM
40832;"Wallern an der Trattnach      ";2303;2007;87.15;59;2.94;1948;97.06;823;42.25;525;26.95;190;9.75;353;18.12;43;2.21;7;0.36;7;0.36;" 0 ";" 0 ";27/09/2009;5:27:00 PM;27/09/2009;5:27:00 PM
40833;"Weibern                       ";1257;1062;84.49;22;2.07;1040;97.93;589;56.63;163;15.67;114;10.96;145;13.94;21;2.02;4;0.38;4;0.38;" 0 ";" 0 ";27/09/2009;4:38:08 PM;27/09/2009;4:38:08 PM
40834;"Wendling                      ";620;551;88.87;17;3.09;534;96.91;293;54.87;54;10.11;33;6.18;123;23.03;26;4.87;0;0;5;0.94;" 0 ";" 0 ";27/09/2009;2:43:05 PM;27/09/2009;2:43:05 PM
40900;"Bezirk Kirchdorf an der Krems        ";42932;35504;82.7;570;1.61;34934;98.39;17338;49.63;8410;24.07;2883;8.25;4923;14.09;1023;2.93;210;0.6;147;0.42;" 0 ";" 0 ";27/09/2009;7:15:21 PM;27/09/2009;7:15:21 PM
40901;"Edlbach                       ";519;466;89.79;5;1.07;461;98.93;291;63.12;90;19.52;17;3.69;39;8.46;16;3.47;3;0.65;5;1.08;" 0 ";" 0 ";27/09/2009;3:27:36 PM;27/09/2009;3:27:36 PM
40902;"Grünburg                      ";2869;2249;78.39;39;1.73;2210;98.27;1078;48.78;596;26.97;117;5.29;313;14.16;78;3.53;24;1.09;4;0.18;" 0 ";" 0 ";27/09/2009;4:14:57 PM;27/09/2009;4:14:57 PM
40903;"Hinterstoder                  ";777;653;84.04;10;1.53;643;98.47;373;58.01;97;15.09;39;6.07;117;18.2;13;2.02;0;0;4;0.62;" 0 ";" 0 ";27/09/2009;3:40:10 PM;27/09/2009;3:40:10 PM
40904;"Inzersdorf im Kremstal        ";1470;1242;84.49;20;1.61;1222;98.39;628;51.39;257;21.03;120;9.82;174;14.24;37;3.03;1;0.08;5;0.41;" 0 ";" 0 ";27/09/2009;5:27:13 PM;27/09/2009;5:27:13 PM
40905;"Kirchdorf an der Krems        ";3088;2451;79.37;38;1.55;2413;98.45;1008;41.77;722;29.92;292;12.1;318;13.18;59;2.45;8;0.33;6;0.25;" 0 ";" 0 ";27/09/2009;6:05:28 PM;27/09/2009;6:05:28 PM
40906;"Klaus an der Pyhrnbahn        ";858;750;87.41;15;2;735;98;266;36.19;321;43.67;36;4.9;97;13.2;9;1.22;2;0.27;4;0.54;" 0 ";" 0 ";27/09/2009;4:09:52 PM;27/09/2009;4:09:52 PM
40907;"Kremsmünster                  ";4709;3693;78.42;59;1.6;3634;98.4;2060;56.69;616;16.95;332;9.14;470;12.93;132;3.63;8;0.22;16;0.44;" 0 ";" 0 ";27/09/2009;4:47:42 PM;27/09/2009;4:47:42 PM
40908;"Micheldorf in Oberösterreich  ";4587;3699;80.64;75;2.03;3624;97.97;1467;40.48;1123;30.99;354;9.77;520;14.35;106;2.92;28;0.77;26;0.72;" 0 ";" 0 ";27/09/2009;7:15:21 PM;27/09/2009;7:15:21 PM
40909;"Molln                         ";2802;2415;86.19;20;0.83;2395;99.17;1038;43.34;750;31.32;174;7.27;337;14.07;59;2.46;31;1.29;6;0.25;" 0 ";" 0 ";27/09/2009;4:51:42 PM;27/09/2009;4:51:42 PM
40910;"Nußbach                       ";1815;1518;83.64;24;1.58;1494;98.42;870;58.23;272;18.21;114;7.63;176;11.78;40;2.68;14;0.94;8;0.54;" 0 ";" 0 ";27/09/2009;5:02:29 PM;27/09/2009;5:02:29 PM
40911;"Oberschlierbach               ";367;334;91.01;4;1.2;330;98.8;171;51.82;70;21.21;46;13.94;26;7.88;12;3.64;4;1.21;1;0.3;" 0 ";" 0 ";27/09/2009;2:39:01 PM;27/09/2009;2:39:01 PM
40912;"Pettenbach                    ";3765;3037;80.66;47;1.55;2990;98.45;1435;47.99;551;18.43;297;9.93;581;19.43;92;3.08;12;0.4;22;0.74;" 0 ";" 0 ";27/09/2009;6:12:46 PM;27/09/2009;6:12:46 PM
40913;"Ried im Traunkreis            ";2054;1728;84.13;37;2.14;1691;97.86;943;55.77;268;15.85;116;6.86;304;17.98;43;2.54;7;0.41;10;0.59;" 0 ";" 0 ";27/09/2009;7:14:53 PM;27/09/2009;7:14:53 PM
40914;"Rosenau am Hengstpaß          ";566;520;91.87;4;0.77;516;99.23;212;41.09;200;38.76;19;3.68;62;12.02;15;2.91;4;0.78;4;0.78;" 0 ";" 0 ";27/09/2009;5:13:45 PM;27/09/2009;5:13:45 PM
40915;"Roßleithen                    ";1473;1277;86.69;17;1.33;1260;98.67;604;47.94;372;29.52;99;7.86;138;10.95;31;2.46;12;0.95;4;0.32;" 0 ";" 0 ";27/09/2009;6:59:45 PM;27/09/2009;6:59:45 PM
40916;"St.Pankraz                    ";264;253;95.83;4;1.58;249;98.42;81;32.53;93;37.35;3;1.2;64;25.7;7;2.81;0;0;1;0.4;" 0 ";" 0 ";27/09/2009;2:23:24 PM;27/09/2009;2:23:24 PM
40917;"Schlierbach                   ";2113;1742;82.44;18;1.03;1724;98.97;879;50.99;290;16.82;247;14.33;230;13.34;54;3.13;20;1.16;4;0.23;" 0 ";" 0 ";27/09/2009;5:37:30 PM;27/09/2009;5:37:30 PM
40918;"Spital am Pyhrn               ";1741;1466;84.2;34;2.32;1432;97.68;676;47.21;489;34.15;48;3.35;180;12.57;30;2.09;6;0.42;3;0.21;" 0 ";" 0 ";27/09/2009;6:25:36 PM;27/09/2009;6:25:36 PM
40919;"Steinbach am Ziehberg         ";658;584;88.75;12;2.05;572;97.95;318;55.59;99;17.31;48;8.39;92;16.08;11;1.92;0;0;4;0.7;" 0 ";" 0 ";27/09/2009;2:27:34 PM;27/09/2009;2:27:34 PM
40920;"Steinbach an der Steyr        ";1591;1398;87.87;25;1.79;1373;98.21;790;57.54;271;19.74;78;5.68;174;12.67;50;3.64;9;0.66;1;0.07;" 0 ";" 0 ";27/09/2009;5:33:59 PM;27/09/2009;5:33:59 PM
40921;"Vorderstoder                  ";655;577;88.09;6;1.04;571;98.96;348;60.95;99;17.34;27;4.73;84;14.71;10;1.75;0;0;3;0.53;" 0 ";" 0 ";27/09/2009;4:33:23 PM;27/09/2009;4:33:23 PM
40922;"Wartberg an der Krems         ";2285;1879;82.23;26;1.38;1853;98.62;1030;55.59;328;17.7;160;8.63;259;13.98;62;3.35;11;0.59;3;0.16;" 0 ";" 0 ";27/09/2009;3:32:48 PM;27/09/2009;3:32:48 PM
40923;"Windischgarsten               ";1906;1573;82.53;31;1.97;1542;98.03;772;50.06;436;28.27;100;6.49;168;10.89;57;3.7;6;0.39;3;0.19;" 0 ";" 0 ";27/09/2009;7:02:53 PM;27/09/2009;7:02:53 PM
41000;"Bezirk Linz-Land                     ";103692;83248;80.28;1351;1.62;81897;98.38;35010;42.75;24034;29.35;7363;8.99;12659;15.46;2109;2.58;234;0.29;488;0.6;" 0 ";" 0 ";27/09/2009;8:19:08 PM;27/09/2009;11:16:20 PM
41001;"Allhaming                     ";833;758;91;11;1.45;747;98.55;407;54.48;155;20.75;60;8.03;82;10.98;34;4.55;4;0.54;5;0.67;" 0 ";" 0 ";27/09/2009;4:44:21 PM;27/09/2009;4:44:21 PM
41002;"Ansfelden                     ";11105;8487;76.43;181;2.13;8306;97.87;2883;34.71;2776;33.42;566;6.81;1779;21.42;241;2.9;17;0.2;44;0.53;" 0 ";" 0 ";27/09/2009;7:48:19 PM;27/09/2009;7:48:19 PM
41003;"Asten                         ";4668;3556;76.18;60;1.69;3496;98.31;1063;30.41;1383;39.56;188;5.38;711;20.34;109;3.12;17;0.49;25;0.72;" 0 ";" 0 ";27/09/2009;6:30:18 PM;27/09/2009;6:30:18 PM
41004;"Eggendorf im Traunkreis       ";609;560;91.95;4;0.71;556;99.29;281;50.54;153;27.52;26;4.68;76;13.67;18;3.24;1;0.18;1;0.18;" 0 ";" 0 ";27/09/2009;3:12:39 PM;27/09/2009;3:12:39 PM
41005;"Enns                          ";8112;6357;78.37;114;1.79;6243;98.21;2470;39.56;1987;31.83;661;10.59;942;15.09;141;2.26;9;0.14;33;0.53;" 0 ";" 0 ";27/09/2009;7:29:10 PM;27/09/2009;7:29:10 PM
41006;"Hargelsberg                   ";943;833;88.34;15;1.8;818;98.2;460;56.23;183;22.37;56;6.85;97;11.86;20;2.44;0;0;2;0.24;" 0 ";" 0 ";27/09/2009;5:23:16 PM;27/09/2009;5:23:16 PM
41007;"Hörsching                     ";4517;3635;80.47;51;1.4;3584;98.6;1696;47.32;899;25.08;289;8.06;577;16.1;93;2.59;12;0.33;18;0.5;" 0 ";" 0 ";27/09/2009;7:14:52 PM;27/09/2009;7:14:52 PM
41008;"Hofkirchen im Traunkreis      ";1293;1110;85.85;13;1.17;1097;98.83;521;47.49;275;25.07;111;10.12;145;13.22;32;2.92;8;0.73;5;0.46;" 0 ";" 0 ";27/09/2009;3:54:50 PM;27/09/2009;3:54:50 PM
41009;"Kematen an der Krems          ";1831;1555;84.93;17;1.09;1538;98.91;758;49.28;367;23.86;129;8.39;222;14.43;50;3.25;7;0.46;5;0.33;" 0 ";" 0 ";27/09/2009;5:54:34 PM;27/09/2009;5:54:34 PM
41010;"Kirchberg-Thening             ";1900;1648;86.74;18;1.09;1630;98.91;617;37.85;541;33.19;174;10.67;240;14.72;46;2.82;4;0.25;8;0.49;" 0 ";" 0 ";27/09/2009;5:26:51 PM;27/09/2009;5:26:51 PM
41011;"Kronstorf                     ";2461;2103;85.45;28;1.33;2075;98.67;925;44.58;649;31.28;143;6.89;300;14.46;46;2.22;4;0.19;8;0.39;" 0 ";" 0 ";27/09/2009;7:02:54 PM;27/09/2009;9:18:13 PM
41012;"Leonding                      ";18819;14596;77.56;202;1.38;14394;98.62;5863;40.73;4214;29.28;1714;11.91;2053;14.26;415;2.88;39;0.27;96;0.67;" 0 ";" 0 ";27/09/2009;8:19:08 PM;27/09/2009;8:19:08 PM
41013;"St.Florian                    ";4734;4101;86.63;81;1.98;4020;98.02;2080;51.74;940;23.38;434;10.8;445;11.07;96;2.39;7;0.17;18;0.45;" 0 ";" 0 ";27/09/2009;5:52:17 PM;27/09/2009;5:52:17 PM
41014;"Neuhofen an der Krems         ";4413;3681;83.41;81;2.2;3600;97.8;1673;46.47;929;25.81;398;11.06;467;12.97;71;1.97;21;0.58;41;1.14;" 0 ";" 0 ";27/09/2009;7:03:33 PM;27/09/2009;7:03:33 PM
41015;"Niederneukirchen              ";1540;1455;94.48;13;0.89;1442;99.11;757;52.5;367;25.45;119;8.25;156;10.82;30;2.08;5;0.35;8;0.55;" 0 ";" 0 ";27/09/2009;7:00:18 PM;27/09/2009;7:00:18 PM
41016;"Oftering                      ";1564;1362;87.08;20;1.47;1342;98.53;605;45.08;427;31.82;108;8.05;166;12.37;28;2.09;4;0.3;4;0.3;" 0 ";" 0 ";27/09/2009;5:08:07 PM;27/09/2009;5:08:07 PM
41017;"Pasching                      ";5095;4082;80.12;58;1.42;4024;98.58;1590;39.51;1278;31.76;340;8.45;679;16.87;110;2.73;4;0.1;23;0.57;" 0 ";" 0 ";27/09/2009;6:52:34 PM;27/09/2009;6:52:34 PM
41018;"Piberbach                     ";1445;1258;87.06;26;2.07;1232;97.93;521;42.29;364;29.55;103;8.36;193;15.67;37;3;11;0.89;3;0.24;" 0 ";" 0 ";27/09/2009;6:47:12 PM;27/09/2009;6:47:12 PM
41019;"Pucking                       ";2948;2525;85.65;43;1.7;2482;98.3;1205;48.55;591;23.81;143;5.76;438;17.65;87;3.51;3;0.12;15;0.6;" 0 ";" 0 ";27/09/2009;6:13:18 PM;27/09/2009;6:13:18 PM
41020;"St.Marien                     ";3662;3155;86.16;55;1.74;3100;98.26;1578;50.9;762;24.58;261;8.42;391;12.61;75;2.42;18;0.58;15;0.48;" 0 ";" 0 ";27/09/2009;6:12:08 PM;27/09/2009;6:12:08 PM
41021;"Traun                         ";16766;12536;74.77;201;1.6;12335;98.4;5218;42.3;3891;31.54;810;6.57;2084;16.9;228;1.85;26;0.21;78;0.63;" 0 ";" 0 ";27/09/2009;7:37:44 PM;27/09/2009;11:16:20 PM
41022;"Wilhering                     ";4434;3895;87.84;59;1.51;3836;98.49;1839;47.94;903;23.54;530;13.82;416;10.84;102;2.66;13;0.34;33;0.86;" 0 ";" 0 ";27/09/2009;6:44:16 PM;27/09/2009;6:44:16 PM
41100;"Bezirk Perg                          ";51411;44588;86.73;749;1.68;43839;98.32;20870;47.61;13051;29.77;3050;6.96;5574;12.71;950;2.17;160;0.36;184;0.42;" 0 ";" 0 ";27/09/2009;7:42:32 PM;27/09/2009;7:42:32 PM
41101;"Allerheiligen im Mühlkreis    ";950;848;89.26;10;1.18;838;98.82;466;55.61;218;26.01;37;4.42;92;10.98;16;1.91;2;0.24;7;0.84;" 0 ";" 0 ";27/09/2009;5:35:12 PM;27/09/2009;5:35:12 PM
41102;"Arbing                        ";1116;1021;91.49;15;1.47;1006;98.53;513;50.99;260;25.84;90;8.95;110;10.93;33;3.28;0;0;0;0;" 0 ";" 0 ";27/09/2009;5:11:13 PM;27/09/2009;5:11:13 PM
41103;"Baumgartenberg                ";1262;1083;85.82;16;1.48;1067;98.52;591;55.39;175;16.4;65;6.09;209;19.59;24;2.25;2;0.19;1;0.09;" 0 ";" 0 ";27/09/2009;7:26:15 PM;27/09/2009;7:26:15 PM
41104;"Dimbach                       ";836;756;90.43;19;2.51;737;97.49;435;59.02;182;24.69;29;3.93;71;9.63;14;1.9;5;0.68;1;0.14;" 0 ";" 0 ";27/09/2009;3:05:44 PM;27/09/2009;3:05:44 PM
41105;"Grein                         ";2460;2070;84.15;35;1.69;2035;98.31;989;48.6;608;29.88;127;6.24;237;11.65;59;2.9;10;0.49;5;0.25;" 0 ";" 0 ";27/09/2009;4:37:42 PM;27/09/2009;4:37:42 PM
41106;"Katsdorf                      ";2245;1992;88.73;32;1.61;1960;98.39;905;46.17;575;29.34;197;10.05;232;11.84;39;1.99;4;0.2;8;0.41;" 0 ";" 0 ";27/09/2009;6:30:18 PM;27/09/2009;6:30:18 PM
41107;"Klam                          ";690;620;89.86;12;1.94;608;98.06;289;47.53;122;20.07;40;6.58;138;22.7;15;2.47;3;0.49;1;0.16;" 0 ";" 0 ";27/09/2009;2:42:00 PM;27/09/2009;2:42:00 PM
41108;"Bad Kreuzen                   ";1775;1486;83.72;25;1.68;1461;98.32;1064;72.83;118;8.08;55;3.76;176;12.05;33;2.26;11;0.75;4;0.27;" 0 ";" 0 ";27/09/2009;4:18:30 PM;27/09/2009;4:18:30 PM
41109;"Langenstein                   ";2019;1771;87.72;43;2.43;1728;97.57;545;31.54;765;44.27;138;7.99;235;13.6;31;1.79;1;0.06;13;0.75;" 0 ";" 0 ";27/09/2009;7:07:15 PM;27/09/2009;7:07:15 PM
41110;"Luftenberg an der Donau       ";3130;2647;84.57;23;0.87;2624;99.13;855;32.58;1069;40.74;201;7.66;420;16.01;64;2.44;0;0;15;0.57;" 0 ";" 0 ";27/09/2009;4:53:21 PM;27/09/2009;4:53:21 PM
41111;"Mauthausen                    ";3666;2997;81.75;62;2.07;2935;97.93;974;33.19;1306;44.5;193;6.58;385;13.12;59;2.01;3;0.1;15;0.51;" 0 ";" 0 ";27/09/2009;5:33:31 PM;27/09/2009;5:33:31 PM
41112;"Mitterkirchen im Machland     ";1379;1269;92.02;19;1.5;1250;98.5;691;55.28;340;27.2;60;4.8;131;10.48;17;1.36;7;0.56;4;0.32;" 0 ";" 0 ";27/09/2009;4:37:16 PM;27/09/2009;4:37:16 PM
41113;"Münzbach                      ";1318;1151;87.33;29;2.52;1122;97.48;721;64.26;143;12.75;40;3.57;171;15.24;38;3.39;6;0.53;3;0.27;" 0 ";" 0 ";27/09/2009;5:17:49 PM;27/09/2009;5:17:49 PM
41114;"Naarn im Machlande            ";2726;2430;89.14;36;1.48;2394;98.52;1250;52.21;695;29.03;119;4.97;285;11.9;41;1.71;1;0.04;3;0.13;" 0 ";" 0 ";27/09/2009;6:53:57 PM;27/09/2009;6:53:57 PM
41115;"Pabneukirchen                 ";1355;1196;88.27;18;1.51;1178;98.49;731;62.05;205;17.4;63;5.35;131;11.12;39;3.31;6;0.51;3;0.25;" 0 ";" 0 ";27/09/2009;4:01:34 PM;27/09/2009;4:01:34 PM
41116;"Perg                          ";5794;4797;82.79;58;1.21;4739;98.79;2321;48.98;1235;26.06;403;8.5;629;13.27;116;2.45;19;0.4;16;0.34;" 0 ";" 0 ";27/09/2009;5:17:51 PM;27/09/2009;5:17:51 PM
41117;"Rechberg                      ";719;677;94.16;10;1.48;667;98.52;470;70.46;93;13.94;40;6;39;5.85;13;1.95;12;1.8;0;0;" 0 ";" 0 ";27/09/2009;2:44:14 PM;27/09/2009;2:44:14 PM
41118;"Ried in der Riedmark          ";3223;2862;88.8;58;2.03;2804;97.97;1226;43.72;1030;36.73;219;7.81;268;9.56;49;1.75;5;0.18;7;0.25;" 0 ";" 0 ";27/09/2009;6:02:10 PM;27/09/2009;6:02:10 PM
41119;"St.Georgen am Walde           ";1726;1556;90.15;27;1.74;1529;98.26;779;50.95;470;30.74;61;3.99;164;10.73;35;2.29;18;1.18;2;0.13;" 0 ";" 0 ";27/09/2009;3:22:19 PM;27/09/2009;3:22:19 PM
41120;"St.Georgen an der Gusen       ";2957;2508;84.82;51;2.03;2457;97.97;903;36.75;933;37.97;237;9.65;308;12.54;51;2.08;3;0.12;22;0.9;" 0 ";" 0 ";27/09/2009;5:21:24 PM;27/09/2009;5:21:24 PM
41121;"St.Nikola an der Donau        ";590;548;92.88;8;1.46;540;98.54;304;56.3;140;25.93;41;7.59;38;7.04;15;2.78;0;0;2;0.37;" 0 ";" 0 ";27/09/2009;3:07:51 PM;27/09/2009;3:07:51 PM
41122;"St.Thomas am Blasenstein      ";695;626;90.07;12;1.92;614;98.08;440;71.66;74;12.05;20;3.26;46;7.49;25;4.07;6;0.98;3;0.49;" 0 ";" 0 ";27/09/2009;2:24:25 PM;27/09/2009;2:24:25 PM
41123;"Saxen                         ";1378;1300;94.34;18;1.38;1282;98.62;533;41.58;291;22.7;102;7.96;311;24.26;35;2.73;6;0.47;4;0.31;" 0 ";" 0 ";27/09/2009;5:00:36 PM;27/09/2009;5:00:36 PM
41124;"Schwertberg                   ";4030;3391;84.14;60;1.77;3331;98.23;1223;36.72;1285;38.58;275;8.26;463;13.9;44;1.32;4;0.12;37;1.11;" 0 ";" 0 ";27/09/2009;4:57:57 PM;27/09/2009;4:57:57 PM
41125;"Waldhausen im Strudengau      ";2292;2036;88.83;34;1.67;2002;98.33;1066;53.25;569;28.42;120;5.99;201;10.04;24;1.2;16;0.8;6;0.3;" 0 ";" 0 ";27/09/2009;7:42:32 PM;27/09/2009;7:42:32 PM
41126;"Windhaag bei Perg             ";1080;950;87.96;19;2;931;98;586;62.94;150;16.11;78;8.38;84;9.02;21;2.26;10;1.07;2;0.21;" 0 ";" 0 ";27/09/2009;6:34:41 PM;27/09/2009;6:34:41 PM
41200;"Bezirk Ried im Innkreis              ";45781;38042;83.1;716;1.88;37326;98.12;18954;50.78;6702;17.96;2939;7.87;7355;19.7;1095;2.93;167;0.45;114;0.31;" 0 ";" 0 ";27/09/2009;6:06:54 PM;28/09/2009;12:16:48 PM
41201;"Andrichsfurt                  ";563;474;84.19;10;2.11;464;97.89;285;61.42;31;6.68;33;7.11;105;22.63;7;1.51;1;0.22;2;0.43;" 0 ";" 0 ";27/09/2009;3:27:50 PM;27/09/2009;3:27:50 PM
41202;"Antiesenhofen                 ";819;736;89.87;12;1.63;724;98.37;337;46.55;157;21.69;49;6.77;91;12.57;87;12.02;1;0.14;2;0.28;" 0 ";" 0 ";27/09/2009;2:25:33 PM;27/09/2009;5:21:53 PM
41203;"Aurolzmünster                 ";2310;1786;77.32;27;1.51;1759;98.49;829;47.13;348;19.78;84;4.78;437;24.84;55;3.13;2;0.11;4;0.23;" 0 ";" 0 ";27/09/2009;2:52:06 PM;27/09/2009;2:52:06 PM
41204;"Eberschwang                   ";2672;2312;86.53;45;1.95;2267;98.05;902;39.79;640;28.23;190;8.38;425;18.75;90;3.97;15;0.66;5;0.22;" 0 ";" 0 ";27/09/2009;5:53:17 PM;27/09/2009;5:53:17 PM
41205;"Eitzing                       ";577;526;91.16;10;1.9;516;98.1;286;55.43;90;17.44;25;4.84;99;19.19;11;2.13;2;0.39;3;0.58;" 0 ";" 0 ";27/09/2009;3:12:55 PM;27/09/2009;3:12:55 PM
41206;"Geiersberg                    ";441;372;84.35;4;1.08;368;98.92;199;54.08;61;16.58;27;7.34;66;17.93;9;2.45;3;0.82;3;0.82;" 0 ";" 0 ";27/09/2009;2:33:00 PM;27/09/2009;2:33:00 PM
41207;"Geinberg                      ";1049;908;86.56;20;2.2;888;97.8;460;51.8;130;14.64;57;6.42;199;22.41;32;3.6;6;0.68;4;0.45;" 0 ";" 0 ";27/09/2009;2:47:41 PM;27/09/2009;2:47:41 PM
41208;"Gurten                        ";901;753;83.57;19;2.52;734;97.48;373;50.82;148;20.16;49;6.68;136;18.53;25;3.41;2;0.27;1;0.14;" 0 ";" 0 ";27/09/2009;2:39:23 PM;27/09/2009;3:29:06 PM
41209;"Hohenzell                     ";1612;1344;83.37;20;1.49;1324;98.51;791;59.74;133;10.05;136;10.27;198;14.95;38;2.87;25;1.89;3;0.23;" 0 ";" 0 ";27/09/2009;5:02:30 PM;27/09/2009;5:02:30 PM
41210;"Kirchdorf am Inn              ";464;426;91.81;2;0.47;424;99.53;271;63.92;55;12.97;23;5.42;67;15.8;8;1.89;0;0;0;0;" 0 ";" 0 ";27/09/2009;3:27:13 PM;27/09/2009;3:27:13 PM
41211;"Kirchheim im Innkreis         ";559;512;91.59;6;1.17;506;98.83;309;61.07;71;14.03;25;4.94;94;18.58;7;1.38;0;0;0;0;" 0 ";" 0 ";27/09/2009;3:13:31 PM;27/09/2009;3:13:31 PM
41212;"Lambrechten                   ";1038;923;88.92;14;1.52;909;98.48;533;58.64;111;12.21;55;6.05;197;21.67;12;1.32;0;0;1;0.11;" 0 ";" 0 ";27/09/2009;5:19:06 PM;27/09/2009;5:19:06 PM
41213;"Lohnsburg am Kobernaußerwald  ";1833;1556;84.89;23;1.48;1533;98.52;846;55.19;218;14.22;80;5.22;315;20.55;60;3.91;8;0.52;6;0.39;" 0 ";" 0 ";27/09/2009;1:57:21 PM;27/09/2009;1:57:21 PM
41214;"Mehrnbach                     ";1865;1557;83.49;31;1.99;1526;98.01;768;50.33;217;14.22;107;7.01;381;24.97;44;2.88;7;0.46;2;0.13;" 0 ";" 0 ";27/09/2009;4:31:06 PM;27/09/2009;4:31:06 PM
41215;"Mettmach                      ";2030;1702;83.84;46;2.7;1656;97.3;819;49.46;333;20.11;58;3.5;373;22.52;57;3.44;9;0.54;7;0.42;" 0 ";" 0 ";27/09/2009;6:06:54 PM;27/09/2009;6:06:54 PM
41216;"Mörschwang                    ";243;211;86.83;4;1.9;207;98.1;145;70.05;15;7.25;18;8.7;18;8.7;11;5.31;0;0;0;0;" 0 ";" 0 ";27/09/2009;12:47:54 PM;27/09/2009;12:47:54 PM
41217;"Mühlheim am Inn               ";510;460;90.2;6;1.3;454;98.7;181;39.87;130;28.63;31;6.83;91;20.04;14;3.08;4;0.88;3;0.66;" 0 ";" 0 ";27/09/2009;1:57:37 PM;27/09/2009;1:57:37 PM
41218;"Neuhofen im Innkreis          ";1767;1456;82.4;18;1.24;1438;98.76;705;49.03;287;19.96;150;10.43;253;17.59;26;1.81;14;0.97;3;0.21;" 0 ";" 0 ";27/09/2009;4:18:48 PM;27/09/2009;4:18:48 PM
41219;"Obernberg am Inn              ";1169;919;78.61;17;1.85;902;98.15;381;42.24;240;26.61;67;7.43;180;19.96;31;3.44;0;0;3;0.33;" 0 ";" 0 ";27/09/2009;5:01:19 PM;27/09/2009;5:01:19 PM
41220;"Ort im Innkreis               ";915;790;86.34;22;2.78;768;97.22;368;47.92;100;13.02;41;5.34;222;28.91;32;4.17;1;0.13;4;0.52;" 0 ";" 0 ";27/09/2009;3:48:14 PM;27/09/2009;3:48:14 PM
41221;"Pattigham                     ";708;634;89.55;6;0.95;628;99.05;359;57.17;82;13.06;41;6.53;129;20.54;12;1.91;4;0.64;1;0.16;" 0 ";" 0 ";27/09/2009;3:28:39 PM;27/09/2009;3:28:39 PM
41222;"Peterskirchen                 ";572;491;85.84;3;0.61;488;99.39;330;67.62;33;6.76;33;6.76;81;16.6;6;1.23;3;0.61;2;0.41;" 0 ";" 0 ";27/09/2009;2:34:47 PM;27/09/2009;2:34:47 PM
41223;"Pramet                        ";802;707;88.15;12;1.7;695;98.3;346;49.78;125;17.99;41;5.9;162;23.31;18;2.59;1;0.14;2;0.29;" 0 ";" 0 ";27/09/2009;3:46:54 PM;27/09/2009;3:46:54 PM
41224;"Reichersberg                  ";1087;942;86.66;14;1.49;928;98.51;507;54.63;134;14.44;64;6.9;193;20.8;24;2.59;4;0.43;2;0.22;" 0 ";" 0 ";27/09/2009;3:12:25 PM;27/09/2009;3:12:25 PM
41225;"Ried im Innkreis              ";8478;6235;73.54;143;2.29;6092;97.71;2734;44.88;1242;20.39;746;12.25;1156;18.98;165;2.71;20;0.33;29;0.48;" 0 ";" 0 ";27/09/2009;5:49:01 PM;28/09/2009;12:16:48 PM
41226;"St.Georgen b. Obernberg am Inn";469;416;88.7;6;1.44;410;98.56;269;65.61;33;8.05;49;11.95;49;11.95;6;1.46;3;0.73;1;0.24;" 0 ";" 0 ";27/09/2009;2:26:11 PM;27/09/2009;2:26:11 PM
41227;"St.Marienkirchen am Hausruck  ";630;554;87.94;7;1.26;547;98.74;314;57.4;58;10.6;39;7.13;120;21.94;8;1.46;7;1.28;1;0.18;" 0 ";" 0 ";27/09/2009;3:14:09 PM;27/09/2009;3:14:09 PM
41228;"St.Martin im Innkreis         ";1271;1051;82.69;19;1.81;1032;98.19;494;47.87;178;17.25;83;8.04;245;23.74;26;2.52;5;0.48;1;0.1;" 0 ";" 0 ";27/09/2009;5:48:39 PM;27/09/2009;5:48:39 PM
41229;"Schildorn                     ";881;816;92.62;7;0.86;809;99.14;416;51.42;230;28.43;20;2.47;129;15.95;11;1.36;0;0;3;0.37;" 0 ";" 0 ";27/09/2009;3:29:22 PM;27/09/2009;3:29:22 PM
41230;"Senftenbach                   ";585;535;91.45;15;2.8;520;97.2;281;54.04;80;15.38;41;7.88;107;20.58;7;1.35;2;0.38;2;0.38;" 0 ";" 0 ";27/09/2009;3:28:20 PM;27/09/2009;3:28:20 PM
41231;"Taiskirchen im Innkreis       ";1915;1614;84.28;54;3.35;1560;96.65;895;57.37;226;14.49;131;8.4;265;16.99;31;1.99;8;0.51;4;0.26;" 0 ";" 0 ";27/09/2009;3:14:31 PM;27/09/2009;3:14:31 PM
41232;"Tumeltsham                    ";1190;1008;84.71;20;1.98;988;98.02;526;53.24;96;9.72;137;13.87;201;20.34;23;2.33;4;0.4;1;0.1;" 0 ";" 0 ";27/09/2009;4:27:58 PM;27/09/2009;4:27:58 PM
41233;"Utzenaich                     ";1202;1009;83.94;14;1.39;995;98.61;514;51.66;170;17.09;83;8.34;193;19.4;30;3.02;2;0.2;3;0.3;" 0 ";" 0 ";27/09/2009;5:19:37 PM;27/09/2009;5:19:37 PM
41234;"Waldzell                      ";1703;1441;84.62;27;1.87;1414;98.13;693;49.01;357;25.25;73;5.16;226;15.98;56;3.96;4;0.28;5;0.35;" 0 ";" 0 ";27/09/2009;2:58:11 PM;27/09/2009;2:58:11 PM
41235;"Weilbach                      ";499;437;87.58;7;1.6;430;98.4;270;62.79;41;9.53;28;6.51;83;19.3;7;1.63;0;0;1;0.23;" 0 ";" 0 ";27/09/2009;1:52:27 PM;27/09/2009;1:52:27 PM
41236;"Wippenham                     ";452;429;94.91;6;1.4;423;98.6;218;51.54;102;24.11;25;5.91;69;16.31;9;2.13;0;0;0;0;" 0 ";" 0 ";27/09/2009;1:41:14 PM;27/09/2009;1:41:14 PM
41300;"Bezirk Rohrbach                      ";45901;39625;86.33;655;1.65;38970;98.35;23191;59.51;6772;17.38;3001;7.7;4679;12.01;921;2.36;227;0.58;179;0.46;" 0 ";" 0 ";27/09/2009;6:34:36 PM;27/09/2009;7:05:52 PM
41301;"Afiesl                        ";338;320;94.67;4;1.25;316;98.75;185;58.54;72;22.78;18;5.7;31;9.81;6;1.9;2;0.63;2;0.63;" 0 ";" 0 ";27/09/2009;3:02:26 PM;27/09/2009;3:02:26 PM
41302;"Ahorn                         ";397;355;89.42;2;0.56;353;99.44;211;59.77;51;14.45;23;6.52;49;13.88;13;3.68;3;0.85;3;0.85;" 0 ";" 0 ";27/09/2009;3:02:33 PM;27/09/2009;5:27:34 PM
41303;"Aigen im Mühlkreis            ";1547;1246;80.54;24;1.93;1222;98.07;697;57.04;233;19.07;105;8.59;140;11.46;35;2.86;6;0.49;6;0.49;" 0 ";" 0 ";27/09/2009;5:17:16 PM;27/09/2009;5:17:16 PM
41304;"Altenfelden                   ";1744;1508;86.47;32;2.12;1476;97.88;755;51.15;259;17.55;108;7.32;281;19.04;61;4.13;5;0.34;7;0.47;" 0 ";" 0 ";27/09/2009;5:43:17 PM;27/09/2009;5:43:17 PM
41305;"Arnreit                       ";881;770;87.4;10;1.3;760;98.7;533;70.13;76;10;58;7.63;71;9.34;19;2.5;1;0.13;2;0.26;" 0 ";" 0 ";27/09/2009;3:37:18 PM;27/09/2009;3:37:18 PM
41306;"Atzesberg                     ";383;334;87.21;13;3.89;321;96.11;215;66.98;33;10.28;20;6.23;41;12.77;10;3.12;1;0.31;1;0.31;" 0 ";" 0 ";27/09/2009;3:33:58 PM;27/09/2009;3:33:58 PM
41307;"Auberg                        ";435;387;88.97;6;1.55;381;98.45;241;63.25;46;12.07;26;6.82;56;14.7;8;2.1;3;0.79;1;0.26;" 0 ";" 0 ";27/09/2009;1:47:43 PM;27/09/2009;1:47:43 PM
41308;"Berg bei Rohrbach             ";2107;1792;85.05;35;1.95;1757;98.05;1024;58.28;254;14.46;202;11.5;222;12.64;37;2.11;13;0.74;5;0.28;" 0 ";" 0 ";27/09/2009;4:42:22 PM;27/09/2009;4:42:22 PM
41309;"Haslach an der Mühl           ";2127;1808;85;35;1.94;1773;98.06;841;47.43;532;30.01;174;9.81;167;9.42;42;2.37;11;0.62;6;0.34;" 0 ";" 0 ";27/09/2009;5:32:11 PM;27/09/2009;5:32:11 PM
41310;"Helfenberg                    ";810;727;89.75;12;1.65;715;98.35;435;60.84;120;16.78;64;8.95;73;10.21;15;2.1;2;0.28;6;0.84;" 0 ";" 0 ";27/09/2009;4:28:29 PM;27/09/2009;4:28:29 PM
41311;"Hörbich                       ";322;285;88.51;6;2.11;279;97.89;201;72.04;22;7.89;6;2.15;42;15.05;4;1.43;2;0.72;2;0.72;" 0 ";" 0 ";27/09/2009;2:26:51 PM;27/09/2009;2:26:51 PM
41312;"Hofkirchen im Mühlkreis       ";1182;1033;87.39;11;1.06;1022;98.94;630;61.64;147;14.38;103;10.08;111;10.86;23;2.25;5;0.49;3;0.29;" 0 ";" 0 ";27/09/2009;3:42:01 PM;27/09/2009;3:42:01 PM
41313;"Julbach                       ";1330;1237;93.01;9;0.73;1228;99.27;619;50.41;370;30.13;46;3.75;152;12.38;34;2.77;3;0.24;4;0.33;" 0 ";" 0 ";27/09/2009;6:15:38 PM;27/09/2009;6:15:38 PM
41314;"Kirchberg ob der Donau        ";859;771;89.76;7;0.91;764;99.09;420;54.97;149;19.5;57;7.46;119;15.58;13;1.7;1;0.13;5;0.65;" 0 ";" 0 ";27/09/2009;5:52:46 PM;27/09/2009;5:52:46 PM
41315;"Klaffer am Hochficht          ";1054;941;89.28;12;1.28;929;98.72;519;55.87;241;25.94;38;4.09;112;12.06;16;1.72;3;0.32;0;0;" 0 ";" 0 ";27/09/2009;6:34:36 PM;27/09/2009;6:34:36 PM
41316;"Kleinzell im Mühlkreis        ";1154;991;85.88;23;2.32;968;97.68;537;55.48;223;23.04;66;6.82;112;11.57;26;2.69;3;0.31;1;0.1;" 0 ";" 0 ";27/09/2009;4:32:04 PM;27/09/2009;4:32:04 PM
41317;"Kollerschlag                  ";1194;1027;86.01;20;1.95;1007;98.05;637;63.26;159;15.79;34;3.38;142;14.1;18;1.79;17;1.69;0;0;" 0 ";" 0 ";27/09/2009;3:27:08 PM;27/09/2009;3:27:08 PM
41318;"Lembach im Mühlkreis          ";1274;1053;82.65;30;2.85;1023;97.15;562;54.94;209;20.43;87;8.5;128;12.51;20;1.96;13;1.27;4;0.39;" 0 ";" 0 ";27/09/2009;4:32:15 PM;27/09/2009;4:32:15 PM
41319;"Lichtenau im Mühlkreis        ";440;381;86.59;9;2.36;372;97.64;223;59.95;65;17.47;17;4.57;50;13.44;11;2.96;6;1.61;0;0;" 0 ";" 0 ";27/09/2009;2:12:01 PM;27/09/2009;2:12:01 PM
41320;"Nebelberg                     ";499;480;96.19;6;1.25;474;98.75;320;67.51;97;20.46;21;4.43;26;5.49;5;1.05;3;0.63;2;0.42;" 0 ";" 0 ";27/09/2009;5:01:45 PM;27/09/2009;5:01:45 PM
41321;"Neufelden                     ";982;823;83.81;9;1.09;814;98.91;453;55.65;137;16.83;102;12.53;90;11.06;19;2.33;10;1.23;3;0.37;" 0 ";" 0 ";27/09/2009;4:14:06 PM;27/09/2009;4:14:06 PM
41322;"Niederkappel                  ";830;733;88.31;13;1.77;720;98.23;453;62.92;81;11.25;31;4.31;133;18.47;13;1.81;3;0.42;6;0.83;" 0 ";" 0 ";27/09/2009;4:47:02 PM;27/09/2009;4:47:02 PM
41323;"Niederwaldkirchen             ";1388;1259;90.71;24;1.91;1235;98.09;789;63.89;198;16.03;85;6.88;120;9.72;29;2.35;7;0.57;7;0.57;" 0 ";" 0 ";27/09/2009;2:57:33 PM;27/09/2009;2:57:33 PM
41324;"Oberkappel                    ";522;444;85.06;6;1.35;438;98.65;302;68.95;53;12.1;12;2.74;49;11.19;16;3.65;5;1.14;1;0.23;" 0 ";" 0 ";27/09/2009;2:32:02 PM;27/09/2009;2:32:02 PM
41325;"Oepping                       ";1290;1122;86.98;17;1.52;1105;98.48;656;59.37;185;16.74;101;9.14;129;11.67;23;2.08;10;0.9;1;0.09;" 0 ";" 0 ";27/09/2009;3:57:02 PM;27/09/2009;3:57:02 PM
41326;"Peilstein im Mühlviertel      ";1304;1136;87.12;16;1.41;1120;98.59;715;63.84;205;18.3;59;5.27;104;9.29;20;1.79;15;1.34;2;0.18;" 0 ";" 0 ";27/09/2009;5:08:03 PM;27/09/2009;5:08:03 PM
41327;"Pfarrkirchen im Mühlkreis     ";1180;980;83.05;11;1.12;969;98.88;628;64.81;113;11.66;75;7.74;122;12.59;25;2.58;2;0.21;4;0.41;" 0 ";" 0 ";27/09/2009;4:03:10 PM;27/09/2009;4:03:10 PM
41328;"Putzleinsdorf                 ";1223;1012;82.75;14;1.38;998;98.62;629;63.03;113;11.32;60;6.01;134;13.43;41;4.11;14;1.4;7;0.7;" 0 ";" 0 ";27/09/2009;5:43:28 PM;27/09/2009;5:43:28 PM
41329;"Neustift im Mühlkreis         ";1149;978;85.12;16;1.64;962;98.36;650;67.57;149;15.49;68;7.07;72;7.48;18;1.87;4;0.42;1;0.1;" 0 ";" 0 ";27/09/2009;5:37:27 PM;27/09/2009;5:37:27 PM
41330;"Rohrbach in Oberösterreich    ";1939;1567;80.81;38;2.43;1529;97.57;840;54.94;254;16.61;203;13.28;168;10.99;31;2.03;11;0.72;22;1.44;" 0 ";" 0 ";27/09/2009;5:22:27 PM;27/09/2009;5:22:27 PM
41331;"St.Johann am Wimberg          ";808;747;92.45;7;0.94;740;99.06;459;62.03;78;10.54;60;8.11;108;14.59;31;4.19;0;0;4;0.54;" 0 ";" 0 ";27/09/2009;2:57:49 PM;27/09/2009;2:57:49 PM
41332;"St.Martin im Mühlkreis        ";2907;2477;85.21;33;1.33;2444;98.67;1415;57.9;461;18.86;216;8.84;283;11.58;53;2.17;9;0.37;7;0.29;" 0 ";" 0 ";27/09/2009;5:52:53 PM;27/09/2009;5:52:53 PM
41333;"St.Oswald bei Haslach         ";434;405;93.32;6;1.48;399;98.52;232;58.15;101;25.31;24;6.02;32;8.02;9;2.26;1;0.25;0;0;" 0 ";" 0 ";27/09/2009;3:17:22 PM;27/09/2009;3:17:22 PM
41334;"St.Peter am Wimberg           ";1401;1239;88.44;24;1.94;1215;98.06;832;68.48;167;13.74;80;6.58;122;10.04;8;0.66;1;0.08;5;0.41;" 0 ";" 0 ";27/09/2009;2:46:53 PM;27/09/2009;2:46:53 PM
41335;"St.Stefan am Walde            ";674;585;86.8;14;2.39;571;97.61;350;61.3;83;14.54;57;9.98;52;9.11;15;2.63;11;1.93;3;0.53;" 0 ";" 0 ";27/09/2009;1:56:50 PM;27/09/2009;1:56:50 PM
41336;"St.Ulrich im Mühlkreis        ";485;433;89.28;5;1.15;428;98.85;254;59.35;54;12.62;51;11.92;51;11.92;14;3.27;1;0.23;3;0.7;" 0 ";" 0 ";27/09/2009;3:56:46 PM;27/09/2009;3:56:46 PM
41337;"St.Veit im Mühlkreis          ";964;812;84.23;16;1.97;796;98.03;491;61.68;123;15.45;55;6.91;106;13.32;17;2.14;2;0.25;2;0.25;" 0 ";" 0 ";27/09/2009;2:39:46 PM;27/09/2009;2:39:46 PM
41338;"Sarleinsbach                  ";1828;1592;87.09;35;2.2;1557;97.8;1023;65.7;193;12.4;114;7.32;178;11.43;24;1.54;11;0.71;14;0.9;" 0 ";" 0 ";27/09/2009;5:27:51 PM;27/09/2009;5:27:51 PM
41339;"Schlägl                       ";1113;929;83.47;6;0.65;923;99.35;567;61.43;170;18.42;51;5.53;110;11.92;19;2.06;2;0.22;4;0.43;" 0 ";" 0 ";27/09/2009;4:28:35 PM;27/09/2009;4:28:35 PM
41340;"Schönegg                      ";438;399;91.1;8;2.01;391;97.99;224;57.29;90;23.02;27;6.91;37;9.46;10;2.56;1;0.26;2;0.51;" 0 ";" 0 ";27/09/2009;3:27:19 PM;27/09/2009;3:27:19 PM
41341;"Schwarzenberg am Böhmerwald   ";514;449;87.35;6;1.34;443;98.66;273;61.63;68;15.35;15;3.39;72;16.25;15;3.39;0;0;0;0;" 0 ";" 0 ";27/09/2009;3:02:41 PM;27/09/2009;6:30:24 PM
41342;"Ulrichsberg                   ";2451;2058;83.97;25;1.21;2033;98.79;1151;56.62;338;16.63;182;8.95;282;13.87;55;2.71;4;0.2;21;1.03;" 0 ";" 0 ";27/09/2009;4:28:46 PM;27/09/2009;7:05:52 PM
41400;"Bezirk Schärding                     ";44286;37781;85.31;630;1.67;37151;98.33;19689;53;6606;17.78;2330;6.27;6989;18.81;1231;3.31;167;0.45;139;0.37;" 0 ";" 0 ";27/09/2009;6:02:37 PM;27/09/2009;6:02:37 PM
41401;"Altschwendt                   ";513;475;92.59;7;1.47;468;98.53;246;52.56;84;17.95;39;8.33;71;15.17;26;5.56;2;0.43;0;0;" 0 ";" 0 ";27/09/2009;4:28:51 PM;27/09/2009;4:28:51 PM
41402;"Andorf                        ";3915;3340;85.31;49;1.47;3291;98.53;1582;48.07;861;26.16;178;5.41;563;17.11;98;2.98;3;0.09;6;0.18;" 0 ";" 0 ";27/09/2009;6:02:37 PM;27/09/2009;6:02:37 PM
41403;"Brunnenthal                   ";1536;1272;82.81;23;1.81;1249;98.19;641;51.32;201;16.09;113;9.05;262;20.98;20;1.6;6;0.48;6;0.48;" 0 ";" 0 ";27/09/2009;5:59:19 PM;27/09/2009;5:59:19 PM
41404;"Diersbach                     ";1269;1110;87.47;8;0.72;1102;99.28;598;54.26;172;15.61;79;7.17;189;17.15;50;4.54;7;0.64;7;0.64;" 0 ";" 0 ";27/09/2009;5:01:11 PM;27/09/2009;5:01:11 PM
41405;"Dorf an der Pram              ";823;728;88.46;21;2.88;707;97.12;463;65.49;99;14;32;4.53;96;13.58;13;1.84;1;0.14;3;0.42;" 0 ";" 0 ";27/09/2009;2:26:59 PM;27/09/2009;2:26:59 PM
41406;"Eggerding                     ";1003;856;85.34;13;1.52;843;98.48;511;60.62;106;12.57;42;4.98;154;18.27;22;2.61;4;0.47;4;0.47;" 0 ";" 0 ";27/09/2009;4:49:53 PM;27/09/2009;4:49:53 PM
41407;"Engelhartszell                ";846;687;81.21;21;3.06;666;96.94;393;59.01;110;16.52;37;5.56;101;15.17;23;3.45;1;0.15;1;0.15;" 0 ";" 0 ";27/09/2009;3:48:51 PM;27/09/2009;3:48:51 PM
41408;"Enzenkirchen                  ";1435;1308;91.15;25;1.91;1283;98.09;557;43.41;335;26.11;46;3.59;282;21.98;56;4.36;4;0.31;3;0.23;" 0 ";" 0 ";27/09/2009;5:07:29 PM;27/09/2009;5:07:29 PM
41409;"Esternberg                    ";2256;1879;83.29;22;1.17;1857;98.83;1095;58.97;200;10.77;94;5.06;376;20.25;68;3.66;10;0.54;14;0.75;" 0 ";" 0 ";27/09/2009;5:29:11 PM;27/09/2009;5:29:11 PM
41410;"Freinberg                     ";1008;850;84.33;5;0.59;845;99.41;493;58.34;183;21.66;41;4.85;112;13.25;12;1.42;2;0.24;2;0.24;" 0 ";" 0 ";27/09/2009;4:39:14 PM;27/09/2009;4:39:14 PM
41411;"Kopfing im Innkreis           ";1625;1427;87.82;40;2.8;1387;97.2;765;55.16;192;13.84;87;6.27;262;18.89;50;3.6;22;1.59;9;0.65;" 0 ";" 0 ";27/09/2009;4:29:58 PM;27/09/2009;4:29:58 PM
41412;"Mayrhof                       ";221;207;93.67;6;2.9;201;97.1;142;70.65;8;3.98;8;3.98;40;19.9;3;1.49;0;0;0;0;" 0 ";" 0 ";27/09/2009;1:00:14 PM;27/09/2009;1:00:14 PM
41413;"Münzkirchen                   ";2070;1808;87.34;21;1.16;1787;98.84;1041;58.25;278;15.56;99;5.54;310;17.35;54;3.02;1;0.06;4;0.22;" 0 ";" 0 ";27/09/2009;5:28:26 PM;27/09/2009;5:28:26 PM
41414;"Raab                          ";1853;1562;84.3;35;2.24;1527;97.76;708;46.37;184;12.05;160;10.48;393;25.74;75;4.91;2;0.13;5;0.33;" 0 ";" 0 ";27/09/2009;5:07:45 PM;27/09/2009;5:07:45 PM
41415;"Rainbach im Innkreis          ";1193;1092;91.53;12;1.1;1080;98.9;632;58.52;168;15.56;55;5.09;194;17.96;20;1.85;8;0.74;3;0.28;" 0 ";" 0 ";27/09/2009;5:08:01 PM;27/09/2009;5:08:01 PM
41416;"Riedau                        ";1537;1315;85.56;19;1.44;1296;98.56;561;43.29;356;27.47;96;7.41;235;18.13;40;3.09;3;0.23;5;0.39;" 0 ";" 0 ";27/09/2009;4:13:06 PM;27/09/2009;4:13:06 PM
41417;"St.Aegidi                     ";1306;1173;89.82;18;1.53;1155;98.47;710;61.47;90;7.79;57;4.94;240;20.78;48;4.16;9;0.78;1;0.09;" 0 ";" 0 ";27/09/2009;4:12:47 PM;27/09/2009;4:12:47 PM
41418;"St.Florian am Inn             ";2406;2017;83.83;24;1.19;1993;98.81;919;46.11;463;23.23;130;6.52;419;21.02;36;1.81;11;0.55;15;0.75;" 0 ";" 0 ";27/09/2009;4:39:39 PM;27/09/2009;4:39:39 PM
41419;"St.Marienkirchen bei Schärding";1452;1190;81.96;27;2.27;1163;97.73;612;52.62;135;11.61;78;6.71;283;24.33;45;3.87;2;0.17;8;0.69;" 0 ";" 0 ";27/09/2009;3:37:15 PM;27/09/2009;3:37:15 PM
41420;"St.Roman                      ";1417;1260;88.92;39;3.1;1221;96.9;809;66.26;74;6.06;34;2.78;192;15.72;103;8.44;7;0.57;2;0.16;" 0 ";" 0 ";27/09/2009;4:50:02 PM;27/09/2009;4:50:02 PM
41421;"St.Willibald                  ";927;823;88.78;11;1.34;812;98.66;411;50.62;160;19.7;22;2.71;173;21.31;43;5.3;0;0;3;0.37;" 0 ";" 0 ";27/09/2009;4:07:08 PM;27/09/2009;4:07:08 PM
41422;"Schärding                     ";3772;2911;77.17;47;1.61;2864;98.39;1183;41.31;760;26.54;255;8.9;601;20.98;46;1.61;10;0.35;9;0.31;" 0 ";" 0 ";27/09/2009;5:26:11 PM;27/09/2009;5:26:11 PM
41423;"Schardenberg                  ";1723;1441;83.63;23;1.6;1418;98.4;902;63.61;150;10.58;66;4.65;226;15.94;43;3.03;26;1.83;5;0.35;" 0 ";" 0 ";27/09/2009;5:54:16 PM;27/09/2009;5:54:16 PM
41424;"Sigharting                    ";641;588;91.73;6;1.02;582;98.98;333;57.22;60;10.31;29;4.98;108;18.56;48;8.25;3;0.52;1;0.17;" 0 ";" 0 ";27/09/2009;3:12:10 PM;27/09/2009;3:12:10 PM
41425;"Suben                         ";946;807;85.31;18;2.23;789;97.77;395;50.06;158;20.03;69;8.75;119;15.08;42;5.32;1;0.13;5;0.63;" 0 ";" 0 ";27/09/2009;5:25:19 PM;27/09/2009;5:25:19 PM
41426;"Taufkirchen an der Pram       ";2294;1937;84.44;44;2.27;1893;97.73;891;47.07;442;23.35;130;6.87;363;19.18;58;3.06;5;0.26;4;0.21;" 0 ";" 0 ";27/09/2009;4:29:34 PM;27/09/2009;4:29:34 PM
41427;"Vichtenstein                  ";479;425;88.73;8;1.88;417;98.12;254;60.91;43;10.31;15;3.6;84;20.14;19;4.56;0;0;2;0.48;" 0 ";" 0 ";27/09/2009;2:40:03 PM;27/09/2009;2:40:03 PM
41428;"Waldkirchen am Wesen          ";1055;947;89.76;15;1.58;932;98.42;546;58.58;156;16.74;48;5.15;157;16.85;21;2.25;1;0.11;3;0.32;" 0 ";" 0 ";27/09/2009;4:49:38 PM;27/09/2009;4:49:38 PM
41429;"Wernstein am Inn              ";1193;1033;86.59;10;0.97;1023;99.03;541;52.88;224;21.9;59;5.77;162;15.84;22;2.15;11;1.08;4;0.39;" 0 ";" 0 ";27/09/2009;5:54:34 PM;27/09/2009;5:54:34 PM
41430;"Zell an der Pram              ";1572;1313;83.52;13;0.99;1300;99.01;755;58.08;154;11.85;132;10.15;222;17.08;27;2.08;5;0.38;5;0.38;" 0 ";" 0 ";27/09/2009;4:18:16 PM;27/09/2009;4:18:16 PM
41500;"Bezirk Steyr-Land                    ";47132;39612;84.04;723;1.83;38889;98.17;18597;47.82;10163;26.13;3227;8.3;4647;11.95;1916;4.93;171;0.44;168;0.43;" 0 ";" 0 ";27/09/2009;6:10:45 PM;27/09/2009;6:10:45 PM
41501;"Adlwang                       ";1275;1044;81.88;19;1.82;1025;98.18;569;55.51;145;14.15;85;8.29;158;15.41;64;6.24;2;0.2;2;0.2;" 0 ";" 0 ";27/09/2009;3:34:02 PM;27/09/2009;3:34:02 PM
41502;"Aschach an der Steyr          ";1773;1492;84.15;31;2.08;1461;97.92;774;52.98;298;20.4;149;10.2;173;11.84;59;4.04;2;0.14;6;0.41;" 0 ";" 0 ";27/09/2009;3:48:05 PM;27/09/2009;3:48:05 PM
41503;"Bad Hall                      ";3793;2979;78.54;56;1.88;2923;98.12;1437;49.16;633;21.66;253;8.66;338;11.56;242;8.28;16;0.55;4;0.14;" 0 ";" 0 ";27/09/2009;4:47:28 PM;27/09/2009;4:47:28 PM
41504;"Dietach                       ";2197;1827;83.16;36;1.97;1791;98.03;848;47.35;467;26.07;224;12.51;171;9.55;73;4.08;4;0.22;4;0.22;" 0 ";" 0 ";27/09/2009;3:17:33 PM;27/09/2009;3:17:33 PM
41505;"Gaflenz                       ";1459;1253;85.88;17;1.36;1236;98.64;692;55.99;284;22.98;88;7.12;116;9.39;53;4.29;0;0;3;0.24;" 0 ";" 0 ";27/09/2009;4:18:15 PM;27/09/2009;4:18:15 PM
41506;"Garsten                       ";5224;4267;81.68;92;2.16;4175;97.84;2009;48.12;1005;24.07;481;11.52;521;12.48;118;2.83;16;0.38;25;0.6;" 0 ";" 0 ";27/09/2009;5:24:36 PM;27/09/2009;5:24:36 PM
41507;"Großraming                    ";2243;2040;90.95;38;1.86;2002;98.14;991;49.5;588;29.37;142;7.09;200;9.99;71;3.55;1;0.05;9;0.45;" 0 ";" 0 ";27/09/2009;5:07:18 PM;27/09/2009;5:07:18 PM
41508;"Laussa                        ";1052;932;88.59;19;2.04;913;97.96;444;48.63;225;24.64;53;5.81;99;10.84;84;9.2;5;0.55;3;0.33;" 0 ";" 0 ";27/09/2009;4:27:22 PM;27/09/2009;4:27:22 PM
41509;"Losenstein                    ";1359;1175;86.46;15;1.28;1160;98.72;519;44.74;357;30.78;78;6.72;142;12.24;58;5;1;0.09;5;0.43;" 0 ";" 0 ";27/09/2009;5:24:52 PM;27/09/2009;5:24:52 PM
41510;"Maria Neustift                ";1347;1183;87.82;12;1.01;1171;98.99;740;63.19;131;11.19;60;5.12;151;12.89;71;6.06;14;1.2;4;0.34;" 0 ";" 0 ";27/09/2009;4:39:16 PM;27/09/2009;4:39:16 PM
41511;"Pfarrkirchen bei Bad Hall     ";1690;1419;83.96;15;1.06;1404;98.94;660;47.01;351;25;121;8.62;189;13.46;75;5.34;1;0.07;7;0.5;" 0 ";" 0 ";27/09/2009;4:02:57 PM;27/09/2009;4:02:57 PM
41512;"Reichraming                   ";1474;1272;86.3;23;1.81;1249;98.19;393;31.47;585;46.84;84;6.73;149;11.93;31;2.48;4;0.32;3;0.24;" 0 ";" 0 ";27/09/2009;5:49:35 PM;27/09/2009;5:49:35 PM
41513;"Rohr im Kremstal              ";977;834;85.36;9;1.08;825;98.92;438;53.09;163;19.76;65;7.88;110;13.33;40;4.85;2;0.24;7;0.85;" 0 ";" 0 ";27/09/2009;3:42:01 PM;27/09/2009;3:42:01 PM
41514;"St.Ulrich bei Steyr           ";2488;2080;83.6;28;1.35;2052;98.65;1067;52;413;20.13;226;11.01;235;11.45;96;4.68;9;0.44;6;0.29;" 0 ";" 0 ";27/09/2009;4:57:36 PM;27/09/2009;4:57:36 PM
41515;"Schiedlberg                   ";1003;876;87.34;12;1.37;864;98.63;577;66.78;114;13.19;44;5.09;93;10.76;28;3.24;2;0.23;6;0.69;" 0 ";" 0 ";27/09/2009;3:18:03 PM;27/09/2009;3:18:03 PM
41516;"Sierning                      ";7265;5916;81.43;150;2.54;5766;97.46;2233;38.73;2095;36.33;365;6.33;796;13.81;229;3.97;20;0.35;28;0.49;" 0 ";" 0 ";27/09/2009;4:39:29 PM;27/09/2009;4:39:29 PM
41517;"Ternberg                      ";2718;2352;86.53;40;1.7;2312;98.3;1074;46.45;550;23.79;180;7.79;256;11.07;230;9.95;11;0.48;11;0.48;" 0 ";" 0 ";27/09/2009;4:34:04 PM;27/09/2009;4:34:04 PM
41518;"Waldneukirchen                ";1749;1545;88.34;19;1.23;1526;98.77;816;53.47;272;17.82;113;7.4;183;11.99;114;7.47;25;1.64;3;0.2;" 0 ";" 0 ";27/09/2009;4:18:41 PM;27/09/2009;4:18:41 PM
41521;"Wolfern                       ";2452;2070;84.42;33;1.59;2037;98.41;1084;53.22;482;23.66;154;7.56;221;10.85;77;3.78;9;0.44;10;0.49;" 0 ";" 0 ";27/09/2009;3:18:20 PM;27/09/2009;3:18:20 PM
41522;"Weyer  ";3594;3056;85.03;59;1.93;2997;98.07;1232;41.11;1005;33.53;262;8.74;346;11.54;103;3.44;27;0.9;22;0.73;" 0 ";" 0 ";27/09/2009;6:10:45 PM;27/09/2009;6:10:45 PM
41600;"Bezirk Urfahr-Umgebung               ";64993;55645;85.62;947;1.7;54698;98.3;28024;51.23;11182;20.44;6951;12.71;6424;11.74;1537;2.81;245;0.45;335;0.61;" 0 ";" 0 ";27/09/2009;6:22:26 PM;27/09/2009;6:22:26 PM
41601;"Alberndorf in der Riedmark    ";3012;2565;85.16;26;1.01;2539;98.99;1327;52.26;418;16.46;268;10.56;416;16.38;66;2.6;29;1.14;15;0.59;" 0 ";" 0 ";27/09/2009;4:43:48 PM;27/09/2009;4:43:48 PM
41602;"Altenberg bei Linz            ";3466;3039;87.68;39;1.28;3000;98.72;1656;55.2;489;16.3;395;13.17;326;10.87;95;3.17;20;0.67;19;0.63;" 0 ";" 0 ";27/09/2009;4:15:10 PM;27/09/2009;4:15:10 PM
41603;"Bad Leonfelden                ";3197;2742;85.77;71;2.59;2671;97.41;1570;58.78;355;13.29;247;9.25;319;11.94;139;5.2;27;1.01;14;0.52;" 0 ";" 0 ";27/09/2009;4:33:11 PM;27/09/2009;4:33:11 PM
41604;"Eidenberg                     ";1577;1355;85.92;24;1.77;1331;98.23;842;63.26;166;12.47;136;10.22;132;9.92;48;3.61;3;0.23;4;0.3;" 0 ";" 0 ";27/09/2009;4:44:07 PM;27/09/2009;4:44:07 PM
41605;"Engerwitzdorf                 ";6652;5561;83.6;92;1.65;5469;98.35;2568;46.96;1253;22.91;719;13.15;720;13.17;142;2.6;30;0.55;37;0.68;" 0 ";" 0 ";27/09/2009;5:32:51 PM;27/09/2009;5:32:51 PM
41606;"Feldkirchen an der Donau      ";4219;3728;88.36;64;1.72;3664;98.28;1769;48.28;943;25.74;342;9.33;414;11.3;175;4.78;9;0.25;12;0.33;" 0 ";" 0 ";27/09/2009;5:32:28 PM;27/09/2009;5:32:28 PM
41607;"Gallneukirchen                ";4910;4071;82.91;49;1.2;4022;98.8;1773;44.08;999;24.84;734;18.25;398;9.9;70;1.74;25;0.62;23;0.57;" 0 ";" 0 ";27/09/2009;4:44:16 PM;27/09/2009;4:44:16 PM
41608;"Goldwörth                     ";742;618;83.29;19;3.07;599;96.93;339;56.59;123;20.53;55;9.18;64;10.68;12;2;2;0.33;4;0.67;" 0 ";" 0 ";27/09/2009;3:52:28 PM;27/09/2009;3:52:28 PM
41609;"Gramastetten                  ";3774;3249;86.09;48;1.48;3201;98.52;1789;55.89;553;17.28;407;12.71;343;10.72;73;2.28;13;0.41;23;0.72;" 0 ";" 0 ";27/09/2009;4:23:36 PM;27/09/2009;4:23:36 PM
41610;"Haibach im Mühlkreis          ";673;594;88.26;11;1.85;583;98.15;323;55.4;115;19.73;56;9.61;64;10.98;18;3.09;3;0.51;4;0.69;" 0 ";" 0 ";27/09/2009;2:47:57 PM;27/09/2009;2:47:57 PM
41611;"Hellmonsödt                   ";1736;1479;85.2;14;0.95;1465;99.05;680;46.42;297;20.27;200;13.65;218;14.88;52;3.55;4;0.27;14;0.96;" 0 ";" 0 ";27/09/2009;5:39:38 PM;27/09/2009;5:39:38 PM
41612;"Herzogsdorf                   ";1964;1639;83.45;33;2.01;1606;97.99;967;60.21;247;15.38;116;7.22;203;12.64;60;3.74;1;0.06;12;0.75;" 0 ";" 0 ";27/09/2009;4:23:25 PM;27/09/2009;4:23:25 PM
41613;"Kirchschlag bei Linz          ";1573;1360;86.46;36;2.65;1324;97.35;669;50.53;226;17.07;202;15.26;187;14.12;26;1.96;8;0.6;6;0.45;" 0 ";" 0 ";27/09/2009;4:44:23 PM;27/09/2009;4:44:23 PM
41614;"Lichtenberg                   ";2136;1864;87.27;36;1.93;1828;98.07;961;52.57;356;19.47;277;15.15;184;10.07;38;2.08;5;0.27;7;0.38;" 0 ";" 0 ";27/09/2009;5:56:25 PM;27/09/2009;5:56:25 PM
41615;"Oberneukirchen                ";2534;2157;85.12;57;2.64;2100;97.36;1229;58.52;348;16.57;250;11.9;223;10.62;42;2;1;0.05;7;0.33;" 0 ";" 0 ";27/09/2009;4:28:36 PM;27/09/2009;4:28:36 PM
41616;"Ottenschlag im Mühlkreis      ";403;349;86.6;12;3.44;337;96.56;189;56.08;72;21.36;20;5.93;50;14.84;3;0.89;0;0;3;0.89;" 0 ";" 0 ";27/09/2009;2:51:01 PM;27/09/2009;2:51:01 PM
41617;"Ottensheim                    ";3566;3050;85.53;41;1.34;3009;98.66;1402;46.59;593;19.71;587;19.51;313;10.4;81;2.69;8;0.27;25;0.83;" 0 ";" 0 ";27/09/2009;5:32:16 PM;27/09/2009;5:32:16 PM
41618;"Puchenau                      ";3747;3104;82.84;41;1.32;3063;98.68;1385;45.22;666;21.74;557;18.18;337;11;74;2.42;13;0.42;31;1.01;" 0 ";" 0 ";27/09/2009;5:37:41 PM;27/09/2009;5:37:41 PM
41619;"Reichenau im Mühlkreis        ";969;821;84.73;18;2.19;803;97.81;409;50.93;164;20.42;91;11.33;107;13.33;19;2.37;6;0.75;7;0.87;" 0 ";" 0 ";27/09/2009;3:17:12 PM;27/09/2009;3:17:12 PM
41620;"Reichenthal                   ";1138;1016;89.28;22;2.17;994;97.83;595;59.86;182;18.31;83;8.35;98;9.86;26;2.62;6;0.6;4;0.4;" 0 ";" 0 ";27/09/2009;4:44:31 PM;27/09/2009;4:44:31 PM
41621;"St.Gotthard im Mühlkreis      ";1050;913;86.95;16;1.75;897;98.25;456;50.84;204;22.74;91;10.14;115;12.82;24;2.68;3;0.33;4;0.45;" 0 ";" 0 ";27/09/2009;4:52:21 PM;27/09/2009;4:52:21 PM
41622;"Schenkenfelden                ";1261;1084;85.96;22;2.03;1062;97.97;634;59.7;153;14.41;85;8;146;13.75;37;3.48;2;0.19;5;0.47;" 0 ";" 0 ";27/09/2009;5:45:43 PM;27/09/2009;5:45:43 PM
41623;"Sonnberg im Mühlkreis         ";667;595;89.21;15;2.52;580;97.48;318;54.83;111;19.14;60;10.34;74;12.76;10;1.72;1;0.17;6;1.03;" 0 ";" 0 ";27/09/2009;3:13:28 PM;27/09/2009;3:13:28 PM
41624;"Steyregg                      ";3834;3239;84.48;49;1.51;3190;98.49;1281;40.16;953;29.87;386;12.1;455;14.26;83;2.6;9;0.28;23;0.72;" 0 ";" 0 ";27/09/2009;5:05:31 PM;27/09/2009;5:05:31 PM
41625;"Vorderweißenbach              ";1643;1516;92.27;20;1.32;1496;98.68;1016;67.91;180;12.03;103;6.89;154;10.29;25;1.67;12;0.8;6;0.4;" 0 ";" 0 ";27/09/2009;6:22:26 PM;27/09/2009;6:22:26 PM
41626;"Walding                       ";3160;2713;85.85;52;1.92;2661;98.08;1210;45.47;802;30.14;321;12.06;245;9.21;66;2.48;2;0.08;15;0.56;" 0 ";" 0 ";27/09/2009;4:52:33 PM;27/09/2009;4:52:33 PM
41627;"Zwettl an der Rodl            ";1390;1224;88.06;20;1.63;1204;98.37;667;55.4;214;17.77;163;13.54;119;9.88;33;2.74;3;0.25;5;0.42;" 0 ";" 0 ";27/09/2009;4:18:16 PM;27/09/2009;4:18:16 PM
41700;"Bezirk Vöcklabruck                   ";100086;81521;81.45;1948;2.39;79573;97.61;38885;48.87;17948;22.56;7079;8.9;12864;16.17;2021;2.54;434;0.55;342;0.43;" 0 ";" 0 ";27/09/2009;7:55:14 PM;27/09/2009;7:55:14 PM
41701;"Ampflwang im Hausruckwald     ";2789;2384;85.48;61;2.56;2323;97.44;744;32.03;929;39.99;103;4.43;436;18.77;74;3.19;22;0.95;15;0.65;" 0 ";" 0 ";27/09/2009;6:45:30 PM;27/09/2009;6:45:30 PM
41702;"Attersee                      ";1262;1069;84.71;21;1.96;1048;98.04;544;51.91;211;20.13;132;12.6;125;11.93;29;2.77;3;0.29;4;0.38;" 0 ";" 0 ";27/09/2009;5:50:45 PM;27/09/2009;5:50:45 PM
41703;"Attnang-Puchheim              ";6322;4786;75.7;94;1.96;4692;98.04;1668;35.55;1549;33.01;443;9.44;906;19.31;87;1.85;21;0.45;18;0.38;" 0 ";" 0 ";27/09/2009;7:45:15 PM;27/09/2009;7:45:15 PM
41704;"Atzbach                       ";921;825;89.58;30;3.64;795;96.36;478;60.13;76;9.56;57;7.17;148;18.62;21;2.64;13;1.64;2;0.25;" 0 ";" 0 ";27/09/2009;4:24:09 PM;27/09/2009;4:24:09 PM
41705;"Aurach am Hongar              ";1245;1102;88.51;27;2.45;1075;97.55;476;44.28;316;29.4;63;5.86;199;18.51;17;1.58;0;0;4;0.37;" 0 ";" 0 ";27/09/2009;5:11:15 PM;27/09/2009;5:11:15 PM
41706;"Berg im Attergau              ";775;658;84.9;4;0.61;654;99.39;441;67.43;59;9.02;26;3.98;105;16.06;15;2.29;3;0.46;5;0.76;" 0 ";" 0 ";27/09/2009;1:13:15 PM;27/09/2009;1:13:15 PM
41707;"Desselbrunn                   ";1297;1155;89.05;13;1.13;1142;98.87;522;45.71;307;26.88;92;8.06;172;15.06;34;2.98;7;0.61;8;0.7;" 0 ";" 0 ";27/09/2009;4:27:38 PM;27/09/2009;4:27:38 PM
41708;"Fornach                       ";724;645;89.09;13;2.02;632;97.98;403;63.77;72;11.39;33;5.22;97;15.35;16;2.53;9;1.42;2;0.32;" 0 ";" 0 ";27/09/2009;2:52:26 PM;27/09/2009;2:52:26 PM
41709;"Frankenburg am Hausruck       ";3959;3336;84.26;132;3.96;3204;96.04;1414;44.13;911;28.43;211;6.59;573;17.88;61;1.9;7;0.22;27;0.84;" 0 ";" 0 ";27/09/2009;7:05:35 PM;27/09/2009;7:05:35 PM
41710;"Frankenmarkt                  ";2687;2096;78.01;76;3.63;2020;96.37;1024;50.69;444;21.98;136;6.73;330;16.34;55;2.72;13;0.64;18;0.89;" 0 ";" 0 ";27/09/2009;4:52:40 PM;27/09/2009;4:52:40 PM
41711;"Gampern                       ";2043;1745;85.41;53;3.04;1692;96.96;949;56.09;285;16.84;139;8.22;231;13.65;74;4.37;7;0.41;7;0.41;" 0 ";" 0 ";27/09/2009;7:02:12 PM;27/09/2009;7:02:12 PM
41712;"Innerschwand                  ";824;687;83.37;27;3.93;660;96.07;461;69.85;62;9.39;62;9.39;64;9.7;9;1.36;2;0.3;0;0;" 0 ";" 0 ";27/09/2009;5:41:10 PM;27/09/2009;5:41:10 PM
41713;"Lenzing                       ";4023;3048;75.76;59;1.94;2989;98.06;894;29.91;1180;39.48;212;7.09;583;19.5;91;3.04;10;0.33;19;0.64;" 0 ";" 0 ";27/09/2009;5:41:32 PM;27/09/2009;5:41:32 PM
41714;"Manning                       ";652;584;89.57;11;1.88;573;98.12;330;57.59;91;15.88;69;12.04;58;10.12;18;3.14;5;0.87;2;0.35;" 0 ";" 0 ";27/09/2009;5:03:57 PM;27/09/2009;5:03:57 PM
41715;"Mondsee                       ";2335;1638;70.15;57;3.48;1581;96.52;936;59.2;239;15.12;149;9.42;196;12.4;47;2.97;8;0.51;6;0.38;" 0 ";" 0 ";27/09/2009;5:36:56 PM;27/09/2009;5:36:56 PM
41716;"Neukirchen an der Vöckla      ";1980;1644;83.03;37;2.25;1607;97.75;809;50.34;300;18.67;137;8.53;280;17.42;46;2.86;27;1.68;8;0.5;" 0 ";" 0 ";27/09/2009;4:53:08 PM;27/09/2009;4:53:08 PM
41717;"Niederthalheim                ";823;738;89.67;17;2.3;721;97.7;381;52.84;83;11.51;69;9.57;165;22.88;19;2.64;3;0.42;1;0.14;" 0 ";" 0 ";27/09/2009;3:57:20 PM;27/09/2009;3:57:20 PM
41718;"Nußdorf am Attersee           ";847;727;85.83;8;1.1;719;98.9;437;60.78;80;11.13;43;5.98;125;17.39;31;4.31;0;0;3;0.42;" 0 ";" 0 ";27/09/2009;3:31:27 PM;27/09/2009;3:31:27 PM
41719;"Oberhofen am Irrsee           ";1138;932;81.9;20;2.15;912;97.85;550;60.31;153;16.78;50;5.48;134;14.69;17;1.86;6;0.66;2;0.22;" 0 ";" 0 ";27/09/2009;5:05:24 PM;27/09/2009;5:05:24 PM
41720;"Oberndorf bei Schwanenstadt   ";1116;969;86.83;17;1.75;952;98.25;436;45.8;195;20.48;105;11.03;186;19.54;28;2.94;2;0.21;0;0;" 0 ";" 0 ";27/09/2009;4:58:05 PM;27/09/2009;4:58:05 PM
41721;"Oberwang                      ";1237;1079;87.23;27;2.5;1052;97.5;773;73.48;59;5.61;31;2.95;173;16.44;12;1.14;4;0.38;0;0;" 0 ";" 0 ";27/09/2009;4:57:45 PM;27/09/2009;4:57:45 PM
41722;"Ottnang am Hausruck           ";3044;2588;85.02;48;1.85;2540;98.15;1195;47.05;670;26.38;162;6.38;392;15.43;95;3.74;20;0.79;6;0.24;" 0 ";" 0 ";27/09/2009;7:45:19 PM;27/09/2009;7:45:19 PM
41723;"Pfaffing                      ";1089;917;84.21;47;5.13;870;94.87;418;48.05;216;24.83;69;7.93;146;16.78;16;1.84;3;0.34;2;0.23;" 0 ";" 0 ";27/09/2009;5:57:03 PM;27/09/2009;5:57:03 PM
41724;"Pilsbach                      ";504;477;94.64;5;1.05;472;98.95;237;50.21;109;23.09;61;12.92;54;11.44;9;1.91;2;0.42;0;0;" 0 ";" 0 ";27/09/2009;6:18:02 PM;27/09/2009;6:18:02 PM
41725;"Pitzenberg                    ";408;363;88.97;6;1.65;357;98.35;180;50.42;52;14.57;41;11.48;71;19.89;10;2.8;2;0.56;1;0.28;" 0 ";" 0 ";27/09/2009;2:29:14 PM;27/09/2009;2:29:14 PM
41726;"Pöndorf                       ";1808;1504;83.19;42;2.79;1462;97.21;751;51.37;340;23.26;53;3.63;282;19.29;33;2.26;3;0.21;0;0;" 0 ";" 0 ";27/09/2009;5:02:02 PM;27/09/2009;5:02:02 PM
41727;"Puchkirchen am Trattberg      ";765;670;87.58;16;2.39;654;97.61;371;56.73;102;15.6;73;11.16;86;13.15;14;2.14;4;0.61;4;0.61;" 0 ";" 0 ";27/09/2009;7:16:43 PM;27/09/2009;7:16:43 PM
41728;"Pühret                        ";484;429;88.64;4;0.93;425;99.07;232;54.59;73;17.18;31;7.29;75;17.65;9;2.12;3;0.71;2;0.47;" 0 ";" 0 ";27/09/2009;1:37:26 PM;27/09/2009;1:37:26 PM
41729;"Redleiten                     ";383;336;87.73;7;2.08;329;97.92;162;49.24;88;26.75;16;4.86;56;17.02;5;1.52;2;0.61;0;0;" 0 ";" 0 ";27/09/2009;1:49:35 PM;27/09/2009;1:49:35 PM
41730;"Redlham                       ";1129;983;87.07;29;2.95;954;97.05;486;50.94;200;20.96;89;9.33;148;15.51;25;2.62;4;0.42;2;0.21;" 0 ";" 0 ";27/09/2009;6:52:11 PM;27/09/2009;6:52:11 PM
41731;"Regau                         ";4692;3838;81.8;105;2.74;3733;97.26;1772;47.47;814;21.81;364;9.75;654;17.52;84;2.25;25;0.67;20;0.54;" 0 ";" 0 ";27/09/2009;6:01:23 PM;27/09/2009;6:01:23 PM
41732;"Rüstorf                       ";1580;1300;82.28;34;2.62;1266;97.38;539;42.58;318;25.12;105;8.29;274;21.64;16;1.26;10;0.79;4;0.32;" 0 ";" 0 ";27/09/2009;6:16:45 PM;27/09/2009;6:16:45 PM
41733;"Rutzenham                     ";204;190;93.14;6;3.16;184;96.84;111;60.33;11;5.98;36;19.57;23;12.5;0;0;1;0.54;2;1.09;" 0 ";" 0 ";27/09/2009;12:22:30 PM;27/09/2009;12:22:30 PM
41734;"St.Georgen im Attergau        ";2986;2405;80.54;37;1.54;2368;98.46;1326;56;323;13.64;170;7.18;460;19.43;60;2.53;19;0.8;10;0.42;" 0 ";" 0 ";27/09/2009;6:30:39 PM;27/09/2009;6:30:39 PM
41735;"St.Lorenz                     ";1644;1315;79.99;27;2.05;1288;97.95;860;66.77;141;10.95;120;9.32;144;11.18;15;1.16;3;0.23;5;0.39;" 0 ";" 0 ";27/09/2009;6:54:27 PM;27/09/2009;6:54:27 PM
41736;"Schlatt                       ";1026;871;84.89;29;3.33;842;96.67;433;51.43;165;19.6;76;9.03;132;15.68;26;3.09;7;0.83;3;0.36;" 0 ";" 0 ";27/09/2009;5:57:29 PM;27/09/2009;5:57:29 PM
41737;"Schörfling am Attersee        ";2614;2059;78.77;39;1.89;2020;98.11;911;45.1;451;22.33;247;12.23;336;16.63;59;2.92;7;0.35;9;0.45;" 0 ";" 0 ";27/09/2009;5:28:44 PM;27/09/2009;5:28:44 PM
41738;"Schwanenstadt                 ";3029;2385;78.74;49;2.05;2336;97.95;987;42.25;558;23.89;282;12.07;425;18.19;68;2.91;12;0.51;4;0.17;" 0 ";" 0 ";27/09/2009;7:55:14 PM;27/09/2009;7:55:14 PM
41739;"Seewalchen am Attersee        ";4115;3187;77.45;62;1.95;3125;98.05;1418;45.38;754;24.13;347;11.1;518;16.58;63;2.02;13;0.42;12;0.38;" 0 ";" 0 ";27/09/2009;4:47:08 PM;27/09/2009;4:47:08 PM
41740;"Steinbach am Attersee         ";652;577;88.5;20;3.47;557;96.53;318;57.09;98;17.59;52;9.34;69;12.39;19;3.41;1;0.18;0;0;" 0 ";" 0 ";27/09/2009;5:41:56 PM;27/09/2009;5:41:56 PM
41741;"Straß im Attergau             ";1098;914;83.24;33;3.61;881;96.39;498;56.53;115;13.05;38;4.31;196;22.25;23;2.61;6;0.68;5;0.57;" 0 ";" 0 ";27/09/2009;6:18:17 PM;27/09/2009;6:18:17 PM
41742;"Tiefgraben                    ";2700;2019;74.78;47;2.33;1972;97.67;1314;66.63;215;10.9;162;8.22;242;12.27;27;1.37;6;0.3;6;0.3;" 0 ";" 0 ";27/09/2009;6:01:52 PM;27/09/2009;6:01:52 PM
41743;"Timelkam                      ";4549;3708;81.51;69;1.86;3639;98.14;1536;42.21;1090;29.95;324;8.9;549;15.09;117;3.22;7;0.19;16;0.44;" 0 ";" 0 ";27/09/2009;6:20:32 PM;27/09/2009;6:20:32 PM
41744;"Ungenach                      ";1114;975;87.52;22;2.26;953;97.74;541;56.77;113;11.86;102;10.7;165;17.31;17;1.78;10;1.05;5;0.52;" 0 ";" 0 ";27/09/2009;6:54:48 PM;27/09/2009;6:54:48 PM
41745;"Unterach am Attersee          ";1112;982;88.31;16;1.63;966;98.37;527;54.55;258;26.71;77;7.97;83;8.59;14;1.45;2;0.21;5;0.52;" 0 ";" 0 ";27/09/2009;6:39:26 PM;27/09/2009;6:39:26 PM
41746;"Vöcklabruck                   ";9121;6903;75.68;173;2.51;6730;97.49;3068;45.59;1535;22.81;917;13.63;915;13.6;218;3.24;42;0.62;35;0.52;" 0 ";" 0 ";27/09/2009;6:09:49 PM;27/09/2009;6:09:49 PM
41747;"Vöcklamarkt                   ";3613;2939;81.35;80;2.72;2859;97.28;1491;52.15;588;20.57;256;8.95;443;15.49;59;2.06;13;0.45;9;0.31;" 0 ";" 0 ";27/09/2009;5:42:17 PM;27/09/2009;5:42:17 PM
41748;"Weißenkirchen im Attergau     ";758;620;81.79;10;1.61;610;98.39;389;63.77;73;11.97;26;4.26;103;16.89;12;1.97;7;1.15;0;0;" 0 ";" 0 ";27/09/2009;3:33:00 PM;27/09/2009;3:33:00 PM
41749;"Weyregg am Attersee           ";1232;1089;88.39;16;1.47;1073;98.53;553;51.54;243;22.65;106;9.88;132;12.3;27;2.52;10;0.93;2;0.19;" 0 ";" 0 ";27/09/2009;7:54:04 PM;27/09/2009;7:54:04 PM
41750;"Wolfsegg am Hausruck          ";1582;1395;88.18;32;2.29;1363;97.71;607;44.53;382;28.03;126;9.24;188;13.79;42;3.08;4;0.29;14;1.03;" 0 ";" 0 ";27/09/2009;5:31:26 PM;27/09/2009;5:31:26 PM
41751;"Zell am Moos                  ";1123;925;82.37;21;2.27;904;97.73;558;61.73;110;12.17;86;9.51;114;12.61;22;2.43;9;1;5;0.55;" 0 ";" 0 ";27/09/2009;3:26:11 PM;27/09/2009;3:26:11 PM
41752;"Zell am Pettenfirst           ";929;811;87.3;13;1.6;798;98.4;426;53.38;142;17.79;103;12.91;103;12.91;16;2.01;5;0.63;3;0.38;" 0 ";" 0 ";27/09/2009;5:52:00 PM;27/09/2009;5:52:00 PM
41800;"Bezirk Wels-Land                     ";51365;42964;83.64;949;2.21;42015;97.79;18926;45.05;9979;23.75;3597;8.56;7828;18.63;1337;3.18;167;0.4;181;0.43;" 0 ";" 0 ";27/09/2009;9:27:26 PM;27/09/2009;9:27:26 PM
41801;"Aichkirchen                   ";411;384;93.43;6;1.56;378;98.44;238;62.96;27;7.14;23;6.08;77;20.37;10;2.65;2;0.53;1;0.26;" 0 ";" 0 ";27/09/2009;1:22:51 PM;27/09/2009;1:22:51 PM
41802;"Bachmanning                   ";465;397;85.38;2;0.5;395;99.5;175;44.3;95;24.05;26;6.58;75;18.99;11;2.78;12;3.04;1;0.25;" 0 ";" 0 ";27/09/2009;1:33:23 PM;27/09/2009;1:33:23 PM
41803;"Bad Wimsbach-Neydharting      ";1906;1705;89.45;39;2.29;1666;97.71;830;49.82;448;26.89;113;6.78;215;12.91;50;3;6;0.36;4;0.24;" 0 ";" 0 ";27/09/2009;5:11:02 PM;27/09/2009;5:11:02 PM
41804;"Buchkirchen                   ";3025;2550;84.3;71;2.78;2479;97.22;1147;46.27;680;27.43;203;8.19;368;14.84;60;2.42;10;0.4;11;0.44;" 0 ";" 0 ";27/09/2009;6:50:08 PM;27/09/2009;6:50:08 PM
41805;"Eberstalzell                  ";1774;1474;83.09;24;1.63;1450;98.37;826;56.97;124;8.55;130;8.97;323;22.28;31;2.14;11;0.76;5;0.34;" 0 ";" 0 ";27/09/2009;3:36:11 PM;27/09/2009;3:36:11 PM
41806;"Edt bei Lambach               ";1628;1408;86.49;15;1.07;1393;98.93;665;47.74;315;22.61;85;6.1;267;19.17;48;3.45;4;0.29;9;0.65;" 0 ";" 0 ";27/09/2009;2:35:02 PM;27/09/2009;2:35:02 PM
41807;"Fischlham                     ";1051;948;90.2;16;1.69;932;98.31;512;54.94;176;18.88;62;6.65;142;15.24;28;3;5;0.54;7;0.75;" 0 ";" 0 ";27/09/2009;6:13:23 PM;27/09/2009;6:13:23 PM
41808;"Gunskirchen                   ";4358;3737;85.75;99;2.65;3638;97.35;1760;48.38;852;23.42;269;7.39;637;17.51;100;2.75;10;0.27;10;0.27;" 0 ";" 0 ";27/09/2009;5:00:40 PM;27/09/2009;5:00:40 PM
41809;"Holzhausen                    ";594;521;87.71;7;1.34;514;98.66;228;44.36;134;26.07;50;9.73;81;15.76;18;3.5;2;0.39;1;0.19;" 0 ";" 0 ";27/09/2009;1:29:34 PM;27/09/2009;1:29:34 PM
41810;"Krenglbach                    ";2352;2066;87.84;40;1.94;2026;98.06;805;39.73;603;29.76;216;10.66;340;16.78;46;2.27;7;0.35;9;0.44;" 0 ";" 0 ";27/09/2009;5:32:18 PM;27/09/2009;5:32:18 PM
41811;"Lambach                       ";2432;1828;75.16;59;3.23;1769;96.77;787;44.49;420;23.74;170;9.61;331;18.71;46;2.6;6;0.34;9;0.51;" 0 ";" 0 ";27/09/2009;7:03:19 PM;27/09/2009;7:03:19 PM
41812;"Marchtrenk                    ";9024;7109;78.78;156;2.19;6953;97.81;2466;35.47;2398;34.49;527;7.58;1240;17.83;258;3.71;19;0.27;45;0.65;" 0 ";" 0 ";27/09/2009;9:27:26 PM;27/09/2009;9:27:26 PM
41813;"Neukirchen bei Lambach        ";712;631;88.62;20;3.17;611;96.83;339;55.48;85;13.91;44;7.2;112;18.33;23;3.76;1;0.16;7;1.15;" 0 ";" 0 ";27/09/2009;1:54:54 PM;27/09/2009;1:54:54 PM
41814;"Offenhausen                   ";1248;1113;89.18;12;1.08;1101;98.92;547;49.68;160;14.53;99;8.99;228;20.71;56;5.09;4;0.36;7;0.64;" 0 ";" 0 ";27/09/2009;3:27:10 PM;27/09/2009;3:27:10 PM
41815;"Pennewang                     ";715;641;89.65;6;0.94;635;99.06;359;56.54;86;13.54;60;9.45;103;16.22;21;3.31;6;0.94;0;0;" 0 ";" 0 ";27/09/2009;2:12:49 PM;27/09/2009;2:12:49 PM
41816;"Pichl bei Wels                ";2068;1770;85.59;53;2.99;1717;97.01;830;48.34;307;17.88;202;11.76;314;18.29;51;2.97;8;0.47;5;0.29;" 0 ";" 0 ";27/09/2009;4:56:36 PM;27/09/2009;4:56:36 PM
41817;"Sattledt                      ";1791;1508;84.2;25;1.66;1483;98.34;747;50.37;290;19.55;78;5.26;310;20.9;44;2.97;10;0.67;4;0.27;" 0 ";" 0 ";27/09/2009;5:25:50 PM;27/09/2009;5:25:50 PM
41818;"Schleißheim                   ";903;794;87.93;30;3.78;764;96.22;352;46.07;145;18.98;81;10.6;169;22.12;15;1.96;1;0.13;1;0.13;" 0 ";" 0 ";27/09/2009;4:28:00 PM;27/09/2009;4:28:00 PM
41819;"Sipbachzell                   ";1409;1225;86.94;10;0.82;1215;99.18;659;54.24;186;15.31;95;7.82;242;19.92;32;2.63;1;0.08;0;0;" 0 ";" 0 ";27/09/2009;5:47:10 PM;27/09/2009;5:47:10 PM
41820;"Stadl-Paura                   ";3661;2769;75.64;61;2.2;2708;97.8;838;30.95;866;31.98;229;8.46;600;22.16;141;5.21;17;0.63;17;0.63;" 0 ";" 0 ";27/09/2009;3:58:15 PM;27/09/2009;3:58:15 PM
41821;"Steinerkirchen an der Traun   ";1791;1533;85.59;30;1.96;1503;98.04;929;61.81;173;11.51;111;7.39;237;15.77;47;3.13;4;0.27;2;0.13;" 0 ";" 0 ";27/09/2009;4:21:38 PM;27/09/2009;4:21:38 PM
41822;"Steinhaus                     ";1495;1386;92.71;42;3.03;1344;96.97;519;38.62;182;13.54;86;6.4;528;39.29;24;1.79;4;0.3;1;0.07;" 0 ";" 0 ";27/09/2009;5:30:19 PM;27/09/2009;5:30:19 PM
41823;"Thalheim bei Wels             ";4176;3410;81.66;70;2.05;3340;97.95;1479;44.28;692;20.72;465;13.92;556;16.65;122;3.65;9;0.27;17;0.51;" 0 ";" 0 ";27/09/2009;4:46:03 PM;27/09/2009;4:46:03 PM
41824;"Weißkirchen an der Traun      ";2376;2057;86.57;56;2.72;2001;97.28;889;44.43;535;26.74;173;8.65;333;16.64;55;2.75;8;0.4;8;0.4;" 0 ";" 0 ";27/09/2009;3:25:45 PM;27/09/2009;3:25:45 PM
